key,vehicle_id,series_label,series_code,model_name,type_code,body,market,prod_start,prod_end
0B74-BRA--,,K73 (F 800 R),,F 800 R 16 (0B74),0B74,,BRA,,
0P10-BRA--,,K69 (S 1000 XR),,S 1000 XR 24 (0P10),0P10,,BRA,,
0T10-EUR-08-1948,0T10-EUR-08-1948-T24-BMW-R24,R 24         -50,T24,R24,0T10,,EUR,1948-08,1950-08
0T16-EUR-01-1950,0T16-EUR-01-1950-T51-BMW-R51_2,R 51         -54,T51,R51/2,0T16,,EUR,1950-01,1950-12
0T11-EUR-08-1950,0T11-EUR-08-1950-T25-BMW-R25,R 25         -56,T25,R25,0T11,,EUR,1950-08,1951-08
0T17-EUR-12-1950,0T17-EUR-12-1950-T51-BMW-R51_3,R 51         -54,T51,R51/3,0T17,,EUR,1950-12,1953-12
0T19-EUR-01-1951,0T19-EUR-01-1951-T67-BMW-R67,R 67         -55,T67,R67,0T19,,EUR,1951-01,1951-12
0T12-EUR-08-1951,0T12-EUR-08-1951-T25-BMW-R25_2,R 25         -56,T25,R25/2,0T12,,EUR,1951-08,1954-03
0T20-EUR-01-1952,0T20-EUR-01-1952-T67-BMW-R67_2_3,R 67         -55,T67,R67/2/3,0T20,,EUR,1952-01,1955-12
0T21-EUR-01-1952,0T21-EUR-01-1952-T68-BMW-R68,R 68         -54,T68,R68,0T21,,EUR,1952-01,1954-12
0T13-EUR-08-1953,0T13-EUR-08-1953-T25-BMW-R25_3,R 25         -56,T25,R25/3,0T13,,EUR,1953-08,1956-04
0211-EUR-01-1955,0211-EUR-01-1955-T50-BMW-R50,R 50         -69,T50,R50,0211,,EUR,1955-01,1960-08
0231-EUR-01-1955,0231-EUR-01-1955-T69-BMW-R69,R 69         -69,T69,R69,0231,,EUR,1955-01,1960-12
0T14-EUR-08-1955,0T14-EUR-08-1955-T26-BMW-R26,R 26         -60,T26,R26,0T14,,EUR,1955-08,1960-08
0221-EUR-01-1956,0221-EUR-01-1956-T60-BMW-R60,R 60         -69,T60,R60,0221,,EUR,1956-01,1960-12
0222-EUR-01-1960,0222-EUR-01-1960-T60-BMW-R60_2,R 60         -69,T60,R60/2,0222,,EUR,1960-01,1969-12
0232-EUR-01-1960,0232-EUR-01-1960-T69-BMW-R69_S,R 69         -69,T69,R69 S,0232,,EUR,1960-01,1969-12
0213-EUR-08-1960,0213-EUR-08-1960-T50-BMW-R50_S,R 50         -69,T50,R50 S,0213,,EUR,1960-08,1962-08
0T15-EUR-08-1960,0T15-EUR-08-1960-T27-BMW-R27,R 27         -66,T27,R27,0T15,,EUR,1960-08,1966-08
0212-EUR-01-1961,0212-EUR-01-1961-T50-BMW-R50_2,R 50         -69,T50,R50/2,0212,,EUR,1961-01,1969-08
0223-USA-01-1967,0223-USA-01-1967-T60-BMW-R60_2,R 60         -69,T60,R60/2,0223,,USA,1967-01,1969-12
0233-USA-01-1967,0233-USA-01-1967-T69-BMW-R69_S,R 69         -69,T69,R69 S,0233,,USA,1967-01,1969-12
0214-USA-08-1967,0214-USA-08-1967-T50-BMW-R50_2,R 50         -69,T50,R50/2,0214,,USA,1967-08,1969-08
0240-EUR-08-1969,0240-EUR-08-1969-2476-BMW-R50_5,R50/5-R90S 69-76,2476,R50/5,0240,,EUR,1969-08,1973-07
0250-EUR-08-1969,0250-EUR-08-1969-2476-BMW-R60_5,R50/5-R90S 69-76,2476,R60/5,0250,,EUR,1969-08,1973-07
0260-EUR-08-1969,0260-EUR-08-1969-2476-BMW-R75_5,R50/5-R90S 69-76,2476,R75/5,0260,,EUR,1969-08,1980-07
0251-EUR-07-1973,0251-EUR-07-1973-2476-BMW-R60_6,R50/5-R90S 69-76,2476,R60/6,0251,,EUR,1973-07,1974-08
0261-EUR-09-1973,0261-EUR-09-1973-2476-BMW-R75_6,R50/5-R90S 69-76,2476,R75/6,0261,,EUR,1973-09,1974-08
0271-EUR-09-1973,0271-EUR-09-1973-2476-BMW-R90_6,R50/5-R90S 69-76,2476,R90/6,0271,,EUR,1973-09,1974-08
0272-EUR-09-1973,0272-EUR-09-1973-2476-BMW-R90S,R50/5-R90S 69-76,2476,R90S,0272,,EUR,1973-09,1974-08
0253-USA-01-1974,0253-USA-01-1974-2476-BMW-R60_6,R50/5-R90S 69-76,2476,R60/6,0253,,USA,1974-01,1974-07
0263-USA-01-1974,0263-USA-01-1974-2476-BMW-R75_6,R50/5-R90S 69-76,2476,R75/6,0263,,USA,1974-01,1974-07
0273-USA-01-1974,0273-USA-01-1974-2476-BMW-R90_6,R50/5-R90S 69-76,2476,R90/6,0273,,USA,1974-01,1974-07
0274-USA-01-1974,0274-USA-01-1974-2476-BMW-R90S,R50/5-R90S 69-76,2476,R90S,0274,,USA,1974-01,1974-07
0275-EUR-06-1974,0275-EUR-06-1974-2476-BMW-R90_6,R50/5-R90S 69-76,2476,R90/6,0275,,EUR,1974-06,1975-08
0276-EUR-06-1974,0276-EUR-06-1974-2476-BMW-R90S,R50/5-R90S 69-76,2476,R90S,0276,,EUR,1974-06,1975-09
0278-USA-07-1974,0278-USA-07-1974-2476-BMW-R90S,R50/5-R90S 69-76,2476,R90S,0278,,USA,1974-07,1975-08
0255-EUR-08-1974,0255-EUR-08-1974-2476-BMW-R60_6,R50/5-R90S 69-76,2476,R60/6,0255,,EUR,1974-08,1975-08
0257-USA-08-1974,0257-USA-08-1974-2476-BMW-R60_6,R50/5-R90S 69-76,2476,R60/6,0257,,USA,1974-08,1975-07
0265-EUR-08-1974,0265-EUR-08-1974-2476-BMW-R75_6,R50/5-R90S 69-76,2476,R75/6,0265,,EUR,1974-08,1975-08
0267-USA-08-1974,0267-USA-08-1974-2476-BMW-R75_6,R50/5-R90S 69-76,2476,R75/6,0267,,USA,1974-08,1975-08
0277-USA-08-1974,0277-USA-08-1974-2476-BMW-R90_6,R50/5-R90S 69-76,2476,R90/6,0277,,USA,1974-08,1975-08
0281-EUR-08-1975,0281-EUR-08-1975-2476-BMW-R60_6,R50/5-R90S 69-76,2476,R60/6,0281,,EUR,1975-08,1976-06
0282-EUR-08-1975,0282-EUR-08-1975-2476-BMW-R75_6,R50/5-R90S 69-76,2476,R75/6,0282,,EUR,1975-08,1976-06
0283-EUR-08-1975,0283-EUR-08-1975-2476-BMW-R90_6,R50/5-R90S 69-76,2476,R90/6,0283,,EUR,1975-08,1976-06
0284-EUR-08-1975,0284-EUR-08-1975-2476-BMW-R90S,R50/5-R90S 69-76,2476,R90S,0284,,EUR,1975-08,1976-06
0294-USA-08-1975,0294-USA-08-1975-2476-BMW-R90S,R50/5-R90S 69-76,2476,R90S,0294,,USA,1975-08,1976-06
0291-USA-09-1975,0291-USA-09-1975-2476-BMW-R60_6,R50/5-R90S 69-76,2476,R60/6,0291,,USA,1975-09,1976-05
0292-USA-09-1975,0292-USA-09-1975-2476-BMW-R75_6,R50/5-R90S 69-76,2476,R75/6,0292,,USA,1975-09,1976-06
0293-USA-09-1975,0293-USA-09-1975-2476-BMW-R90_6,R50/5-R90S 69-76,2476,R90/6,0293,,USA,1975-09,1976-06
0306-EUR-03-1976,0306-EUR-03-1976-2474-BMW-R_100_RS,"R 100, /7, /T, CS, RS, RT, S (76-84)",2474,R 100 RS,0306,,EUR,1976-03,1977-06
0301-EUR-05-1976,0301-EUR-05-1976-2477-BMW-R_60_7,"R 60, R 75 , R 80, /7, RT (76-85)",2477,R 60 /7,0301,,EUR,1976-05,1977-06
0302-EUR-05-1976,0302-EUR-05-1976-2477-BMW-R_75_7,"R 60, R 75 , R 80, /7, RT (76-85)",2477,R 75 /7,0302,,EUR,1976-05,1977-06
0304-EUR-05-1976,0304-EUR-05-1976-2474-BMW-R_100_7,"R 100, /7, /T, CS, RS, RT, S (76-84)",2474,R 100 /7,0304,,EUR,1976-05,1977-06
0305-EUR-05-1976,0305-EUR-05-1976-2474-BMW-R_100_S,"R 100, /7, /T, CS, RS, RT, S (76-84)",2474,R 100 S,0305,,EUR,1976-05,1977-06
0314-USA-05-1976,0314-USA-05-1976-2474-BMW-R_100_7T,"R 100, /7, /T, CS, RS, RT, S (76-84)",2474,R 100 /7T,0314,,USA,1976-05,1977-06
0315-USA-05-1976,0315-USA-05-1976-2474-BMW-R_100_S,"R 100, /7, /T, CS, RS, RT, S (76-84)",2474,R 100 S,0315,,USA,1976-05,1977-06
0316-USA-05-1976,0316-USA-05-1976-2474-BMW-R_100_RS,"R 100, /7, /T, CS, RS, RT, S (76-84)",2474,R 100 RS,0316,,USA,1976-05,1977-06
0311-USA-07-1976,0311-USA-07-1976-2477-BMW-R_60_7,"R 60, R 75 , R 80, /7, RT (76-85)",2477,R 60 /7,0311,,USA,1976-07,1977-05
0312-USA-07-1976,0312-USA-07-1976-2477-BMW-R_75_7,"R 60, R 75 , R 80, /7, RT (76-85)",2477,R 75 /7,0312,,USA,1976-07,1977-06
0322-EUR-04-1977,"0322-EUR-04-1977-2477-BMW-R_80,_R_80_7","R 60, R 75 , R 80, /7, RT (76-85)",2477,"R 80, R 80 /7",0322,,EUR,1977-04,1978-07
0323-EUR-04-1977,0323-EUR-04-1977-2474-BMW-R_100_7T,"R 100, /7, /T, CS, RS, RT, S (76-84)",2474,R 100 /7T,0323,,EUR,1977-04,1978-08
0324-EUR-04-1977,0324-EUR-04-1977-2474-BMW-R_100_S,"R 100, /7, /T, CS, RS, RT, S (76-84)",2474,R 100 S,0324,,EUR,1977-04,1978-07
0325-EUR-04-1977,0325-EUR-04-1977-2474-BMW-R_100_RS,"R 100, /7, /T, CS, RS, RT, S (76-84)",2474,R 100 RS,0325,,EUR,1977-04,1978-07
0332-USA-04-1977,"0332-USA-04-1977-2477-BMW-R_80,_R_80_7","R 60, R 75 , R 80, /7, RT (76-85)",2477,"R 80, R 80 /7",0332,,USA,1977-04,1978-07
0335-EUR-04-1977,0335-EUR-04-1977-2474-BMW-R_100_RS,"R 100, /7, /T, CS, RS, RT, S (76-84)",2474,R 100 RS,0335,,EUR,1977-04,1978-07
0321-EUR-07-1977,0321-EUR-07-1977-2477-BMW-R_60_7,"R 60, R 75 , R 80, /7, RT (76-85)",2477,R 60 /7,0321,,EUR,1977-07,1978-07
0333-USA-07-1977,0333-USA-07-1977-2474-BMW-R_100_7T,"R 100, /7, /T, CS, RS, RT, S (76-84)",2474,R 100 /7T,0333,,USA,1977-07,1978-07
0334-USA-07-1977,0334-USA-07-1977-2474-BMW-R_100_S,"R 100, /7, /T, CS, RS, RT, S (76-84)",2474,R 100 S,0334,,USA,1977-07,1978-07
0326-EUR-08-1977,0326-EUR-08-1977-2477-BMW-R_75_7,"R 60, R 75 , R 80, /7, RT (76-85)",2477,R 75 /7,0326,,EUR,1977-08,1978-04
0327-EUR-08-1977,"0327-EUR-08-1977-2477-BMW-R_80,_R_80_7","R 60, R 75 , R 80, /7, RT (76-85)",2477,"R 80, R 80 /7",0327,,EUR,1977-08,1978-07
0331-USA-08-1977,0331-USA-08-1977-2477-BMW-R_60_7,"R 60, R 75 , R 80, /7, RT (76-85)",2477,R 60 /7,0331,,USA,1977-08,1977-11
0351-EUR-01-1978,0351-EUR-01-1978-248-BMW-R45,R45-R65LS..78-85,248,R45,0351,,EUR,1978-01,1980-07
0353-EUR-01-1978,0353-EUR-01-1978-248-BMW-R65,R45-R65LS..78-85,248,R65,0353,,EUR,1978-01,1980-07
0344-EUR-03-1978,0344-EUR-03-1978-2474-BMW-R_100_7T,"R 100, /7, /T, CS, RS, RT, S (76-84)",2474,R 100 /7T,0344,,EUR,1978-03,1978-07
0352-EUR-03-1978,0352-EUR-03-1978-248-BMW-R45_N,R45-R65LS..78-85,248,R45/N,0352,,EUR,1978-03,1980-07
0339-USA-04-1978,0339-USA-04-1978-2474-BMW-R_100_RT,"R 100, /7, /T, CS, RS, RT, S (76-84)",2474,R 100 RT,0339,,USA,1978-04,1978-04
0342-EUR-06-1978,0342-EUR-06-1978-2477-BMW-R_80_TIC,"R 60, R 75 , R 80, /7, RT (76-85)",2477,R 80 TIC,0342,,EUR,1978-06,1978-07
0343-EUR-06-1978,0343-EUR-06-1978-2477-BMW-R_80_TIC,"R 60, R 75 , R 80, /7, RT (76-85)",2477,R 80 TIC,0343,,EUR,1978-06,1978-08
0373-EUR-06-1978,"0373-EUR-06-1978-2477-BMW-R_80,_R_80_7","R 60, R 75 , R 80, /7, RT (76-85)",2477,"R 80, R 80 /7",0373,,EUR,1978-06,1980-07
0374-EUR-06-1978,"0374-EUR-06-1978-2477-BMW-R_80,_R_80_7","R 60, R 75 , R 80, /7, RT (76-85)",2477,"R 80, R 80 /7",0374,,EUR,1978-06,1980-07
0375-EUR-06-1978,0375-EUR-06-1978-2474-BMW-R_100_7T,"R 100, /7, /T, CS, RS, RT, S (76-84)",2474,R 100 /7T,0375,,EUR,1978-06,1980-07
0376-EUR-06-1978,0376-EUR-06-1978-2474-BMW-R_100_S,"R 100, /7, /T, CS, RS, RT, S (76-84)",2474,R 100 S,0376,,EUR,1978-06,1980-07
0377-EUR-06-1978,0377-EUR-06-1978-2474-BMW-R_100_RS,"R 100, /7, /T, CS, RS, RT, S (76-84)",2474,R 100 RS,0377,,EUR,1978-06,1980-07
0386-EUR-06-1978,0386-EUR-06-1978-2474-BMW-R_100_RT,"R 100, /7, /T, CS, RS, RT, S (76-84)",2474,R 100 RT,0386,,EUR,1978-06,1980-07
0341-EUR-07-1978,0341-EUR-07-1978-2477-BMW-R_60_7,"R 60, R 75 , R 80, /7, RT (76-85)",2477,R 60 /7,0341,,EUR,1978-07,1978-07
0345-EUR-07-1978,0345-EUR-07-1978-2474-BMW-R_100_7T,"R 100, /7, /T, CS, RS, RT, S (76-84)",2474,R 100 /7T,0345,,EUR,1978-07,1978-07
0363-USA-07-1978,0363-USA-07-1978-248-BMW-R65,R45-R65LS..78-85,248,R65,0363,,USA,1978-07,1980-07
0392-USA-08-1978,"0392-USA-08-1978-2477-BMW-R_80,_R_80_7","R 60, R 75 , R 80, /7, RT (76-85)",2477,"R 80, R 80 /7",0392,,USA,1978-08,1980-07
0394-USA-08-1978,0394-USA-08-1978-2474-BMW-R_100_S,"R 100, /7, /T, CS, RS, RT, S (76-84)",2474,R 100 S,0394,,USA,1978-08,1980-07
0395-USA-08-1978,0395-USA-08-1978-2474-BMW-R_100_RS,"R 100, /7, /T, CS, RS, RT, S (76-84)",2474,R 100 RS,0395,,USA,1978-08,1980-06
0399-USA-08-1978,0399-USA-08-1978-2474-BMW-R_100_RT,"R 100, /7, /T, CS, RS, RT, S (76-84)",2474,R 100 RT,0399,,USA,1978-08,1980-07
0371-EUR-09-1978,0371-EUR-09-1978-2477-BMW-R_60_7,"R 60, R 75 , R 80, /7, RT (76-85)",2477,R 60 /7,0371,,EUR,1978-09,1980-04
0381-EUR-09-1978,0381-EUR-09-1978-2477-BMW-R_60_TIC,"R 60, R 75 , R 80, /7, RT (76-85)",2477,R 60 TIC,0381,,EUR,1978-09,1982-11
0383-EUR-09-1978,0383-EUR-09-1978-2477-BMW-R_80_TIC,"R 60, R 75 , R 80, /7, RT (76-85)",2477,R 80 TIC,0383,,EUR,1978-09,1980-07
0384-EUR-09-1978,0384-EUR-09-1978-2477-BMW-R_80_TIC,"R 60, R 75 , R 80, /7, RT (76-85)",2477,R 80 TIC,0384,,EUR,1978-09,1980-07
0393-USA-09-1978,0393-USA-09-1978-2474-BMW-R_100_T,"R 100, /7, /T, CS, RS, RT, S (76-84)",2474,R 100 /T,0393,,USA,1978-09,1980-07
0385-EUR-11-1978,0385-EUR-11-1978-2474-BMW-R_100_7T,"R 100, /7, /T, CS, RS, RT, S (76-84)",2474,R 100 /7T,0385,,EUR,1978-11,1980-07
0372-EUR-01-1979,0372-EUR-01-1979-2477-BMW-R_75_7,"R 60, R 75 , R 80, /7, RT (76-85)",2477,R 75 /7,0372,,EUR,1979-01,1979-01
0346-EUR-05-1980,0346-EUR-05-1980-2471-BMW-R_80_G_S,"R 65 GS, R 80 G/S, R 80 ST (80-92)",2471,R 80 G/S,0346,,EUR,1980-05,1987-07
0348-USA-06-1980,0348-USA-06-1980-2471-BMW-R_80_G_S,"R 65 GS, R 80 G/S, R 80 ST (80-92)",2471,R 80 G/S,0348,,USA,1980-06,1987-03
0354-EUR-06-1980,0354-EUR-06-1980-248-BMW-R45,R45-R65LS..78-85,248,R45,0354,,EUR,1980-06,1985-07
0358-EUR-06-1980,0358-EUR-06-1980-248-BMW-R65,R45-R65LS..78-85,248,R65,0358,,EUR,1980-06,1985-07
0364-USA-06-1980,0364-USA-06-1980-248-BMW-R65,R45-R65LS..78-85,248,R65,0364,,USA,1980-06,1985-04
0425-EUR-06-1980,0425-EUR-06-1980-2474-BMW-R_100_7T,"R 100, /7, /T, CS, RS, RT, S (76-84)",2474,R 100 /7T,0425,,EUR,1980-06,1984-10
0426-EUR-06-1980,0426-EUR-06-1980-2474-BMW-R_100_CS,"R 100, /7, /T, CS, RS, RT, S (76-84)",2474,R 100 CS,0426,,EUR,1980-06,1984-10
0427-EUR-06-1980,0427-EUR-06-1980-2474-BMW-R_100_RS,"R 100, /7, /T, CS, RS, RT, S (76-84)",2474,R 100 RS,0427,,EUR,1980-06,1984-11
0449-USA-06-1980,0449-USA-06-1980-2474-BMW-R_100_RT,"R 100, /7, /T, CS, RS, RT, S (76-84)",2474,R 100 RT,0449,,USA,1980-06,1984-09
0355-EUR-08-1980,0355-EUR-08-1980-248-BMW-R45_N,R45-R65LS..78-85,248,R45/N,0355,,EUR,1980-08,1985-07
0446-EUR-08-1980,0446-EUR-08-1980-2474-BMW-R_100_RT,"R 100, /7, /T, CS, RS, RT, S (76-84)",2474,R 100 RT,0446,,EUR,1980-08,1984-10
0356-EUR-09-1980,0356-EUR-09-1980-248-BMW-R45T_N,R45-R65LS..78-85,248,R45T/N,0356,,EUR,1980-09,1985-07
0360-EUR-09-1980,0360-EUR-09-1980-248-BMW-R65T,R45-R65LS..78-85,248,R65T,0360,,EUR,1980-09,1985-07
0423-EUR-09-1980,"0423-EUR-09-1980-2477-BMW-R_80,_R_80_7","R 60, R 75 , R 80, /7, RT (76-85)",2477,"R 80, R 80 /7",0423,,EUR,1980-09,1984-11
0435-USA-09-1980,0435-USA-09-1980-2474-BMW-R_100_T,"R 100, /7, /T, CS, RS, RT, S (76-84)",2474,R 100 /T,0435,,USA,1980-09,1984-09
0436-USA-09-1980,0436-USA-09-1980-2474-BMW-R_100_CS,"R 100, /7, /T, CS, RS, RT, S (76-84)",2474,R 100 CS,0436,,USA,1980-09,1984-09
0437-USA-09-1980,0437-USA-09-1980-2474-BMW-R_100_RS,"R 100, /7, /T, CS, RS, RT, S (76-84)",2474,R 100 RS,0437,,USA,1980-09,1984-10
0443-EUR-09-1980,0443-EUR-09-1980-2477-BMW-R_80_TIC,"R 60, R 75 , R 80, /7, RT (76-85)",2477,R 80 TIC,0443,,EUR,1980-09,1985-01
0357-EUR-10-1980,0357-EUR-10-1980-248-BMW-R45T,R45-R65LS..78-85,248,R45T,0357,,EUR,1980-10,1985-06
0445-EUR-11-1980,0445-EUR-11-1980-2474-BMW-R_100_TIC,"R 100, /7, /T, CS, RS, RT, S (76-84)",2474,R 100 TIC,0445,,EUR,1980-11,1984-09
0359-EUR-03-1981,0359-EUR-03-1981-248-BMW-R65LS,R45-R65LS..78-85,248,R65LS,0359,,EUR,1981-03,1985-03
0365-USA-06-1981,0365-USA-06-1981-248-BMW-R65LS,R45-R65LS..78-85,248,R65LS,0365,,USA,1981-06,1985-02
0347-EUR-04-1982,0347-EUR-04-1982-2471-BMW-R_80_ST,"R 65 GS, R 80 G/S, R 80 ST (80-92)",2471,R 80 ST,0347,,EUR,1982-04,1984-10
0501-EUR-05-1982,"0501-EUR-05-1982-K589-BMW-K_100_83_0501,0511_","K589 (K100, RS, RT, LT)",K589,"K 100 83 (0501,0511)",0501,,EUR,1982-05,1988-12
0444-EUR-06-1982,0444-EUR-06-1982-2477-BMW-R_80_RT,"R 60, R 75 , R 80, /7, RT (76-85)",2477,R 80 RT,0444,,EUR,1982-06,1984-11
0448-USA-08-1982,0448-USA-08-1982-2477-BMW-R_80_RT,"R 60, R 75 , R 80, /7, RT (76-85)",2477,R 80 RT,0448,,USA,1982-08,1984-10
0349-USA-10-1982,0349-USA-10-1982-2471-BMW-R_80_ST,"R 65 GS, R 80 G/S, R 80 ST (80-92)",2471,R 80 ST,0349,,USA,1982-10,1984-10
0503-EUR-05-1983,"0503-EUR-05-1983-K589-BMW-K_100_RS_83_0502,0503,0513_","K589 (K100, RS, RT, LT)",K589,"K 100 RS 83 (0502,0503,0513)",0503,,EUR,1983-05,1989-10
0504-EUR-10-1983,"0504-EUR-10-1983-K589-BMW-K_100_RT_84_0504,0505,0514_","K589 (K100, RS, RT, LT)",K589,"K 100 RT 84 (0504,0505,0514)",0504,,EUR,1983-10,1989-07
0453-EUR-03-1984,0453-EUR-03-1984-2472-BMW-R_80,"R 65, R 65 RT, R 80, R 80 RT (85-95)",2472,R 80,0453,,EUR,1984-03,1995-01
0511-USA-03-1984,"0511-USA-03-1984-K589-BMW-K_100_83_0501,0511_","K589 (K100, RS, RT, LT)",K589,"K 100 83 (0501,0511)",0511,,USA,1984-03,1986-10
0513-USA-03-1984,"0513-USA-03-1984-K589-BMW-K_100_RS_83_0502,0503,0513_","K589 (K100, RS, RT, LT)",K589,"K 100 RS 83 (0502,0503,0513)",0513,,USA,1984-03,1989-07
0502-EUR-04-1984,"0502-EUR-04-1984-K589-BMW-K_100_RS_83_0502,0503,0513_","K589 (K100, RS, RT, LT)",K589,"K 100 RS 83 (0502,0503,0513)",0502,,EUR,1984-04,1984-10
0505-EUR-04-1984,"0505-EUR-04-1984-K589-BMW-K_100_RT_84_0504,0505,0514_","K589 (K100, RS, RT, LT)",K589,"K 100 RT 84 (0504,0505,0514)",0505,,EUR,1984-04,1984-10
0514-USA-04-1984,"0514-USA-04-1984-K589-BMW-K_100_RT_84_0504,0505,0514_","K589 (K100, RS, RT, LT)",K589,"K 100 RT 84 (0504,0505,0514)",0514,,USA,1984-04,1988-05
0457-EUR-07-1984,0457-EUR-07-1984-2472-BMW-R_80_RT,"R 65, R 65 RT, R 80, R 80 RT (85-95)",2472,R 80 RT,0457,,EUR,1984-07,1995-12
0463-USA-07-1984,0463-USA-07-1984-2472-BMW-R_80,"R 65, R 65 RT, R 80, R 80 RT (85-95)",2472,R 80,0463,,USA,1984-07,1987-07
0464-USA-07-1984,0464-USA-07-1984-2472-BMW-R_80_RT,"R 65, R 65 RT, R 80, R 80 RT (85-95)",2472,R 80 RT,0464,,USA,1984-07,1987-04
0562-EUR-12-1984,"0562-EUR-12-1984-K569-BMW-K_75_85_0562,0571_","K569 (K 75, K 75 C, K 75 S, K 75 RT)",K569,"K 75 85 (0562,0571)",0562,,EUR,1984-12,1996-11
0451-EUR-04-1985,0451-EUR-04-1985-2472-BMW-R_65_20KW_,"R 65, R 65 RT, R 80, R 80 RT (85-95)",2472,R 65 (20KW),0451,,EUR,1985-04,1993-06
0452-EUR-06-1985,0452-EUR-06-1985-2472-BMW-R_65_35KW_,"R 65, R 65 RT, R 80, R 80 RT (85-95)",2472,R 65 (35KW),0452,,EUR,1985-06,1988-10
0564-EUR-06-1985,"0564-EUR-06-1985-K569-BMW-K_75_C_0564,0574_","K569 (K 75, K 75 C, K 75 S, K 75 RT)",K569,"K 75 C (0564,0574)",0564,,EUR,1985-06,1988-06
0456-EUR-07-1985,0456-EUR-07-1985-2472-BMW-R_65_RT_SF,"R 65, R 65 RT, R 80, R 80 RT (85-95)",2472,R 65 RT SF,0456,,EUR,1985-07,1988-11
0462-USA-07-1985,0462-USA-07-1985-2472-BMW-R_65,"R 65, R 65 RT, R 80, R 80 RT (85-95)",2472,R 65,0462,,USA,1985-07,1987-05
0561-EUR-07-1985,0561-EUR-07-1985-K569-BMW-K_75_84_0561_,"K569 (K 75, K 75 C, K 75 S, K 75 RT)",K569,K 75 84 (0561),0561,,EUR,1985-07,1988-12
0574-USA-07-1985,"0574-USA-07-1985-K569-BMW-K_75_C_0564,0574_","K569 (K 75, K 75 C, K 75 S, K 75 RT)",K569,"K 75 C (0564,0574)",0574,,USA,1985-07,1990-03
0563-EUR-10-1985,"0563-EUR-10-1985-K569-BMW-K_75_S_0563,0572_","K569 (K 75, K 75 C, K 75 S, K 75 RT)",K569,"K 75 S (0563,0572)",0563,,EUR,1985-10,1995-05
0572-USA-05-1986,"0572-USA-05-1986-K569-BMW-K_75_S_0563,0572_","K569 (K 75, K 75 C, K 75 S, K 75 RT)",K569,"K 75 S (0563,0572)",0572,,USA,1986-05,1994-09
0455-EUR-07-1986,0455-EUR-07-1986-2478-BMW-R_100_RS,"R 100 RS, R 100 RT (87-95)",2478,R 100 RS,0455,,EUR,1986-07,1992-10
0506-EUR-07-1986,"0506-EUR-07-1986-K589-BMW-K_100_LT_87_0506,0516_","K589 (K100, RS, RT, LT)",K589,"K 100 LT 87 (0506,0516)",0506,,EUR,1986-07,1991-10
0516-USA-07-1986,"0516-USA-07-1986-K589-BMW-K_100_LT_87_0506,0516_","K589 (K100, RS, RT, LT)",K589,"K 100 LT 87 (0506,0516)",0516,,USA,1986-07,1991-03
0473-EUR-12-1986,0473-EUR-12-1986-47E1-BMW-R_100_GS,"R 80 GS, R 100 GS, PD (87-90)",47E1,R 100 GS,0473,,EUR,1986-12,1990-07
0471-EUR-01-1987,0471-EUR-01-1987-47E1-BMW-R_80_GS,"R 80 GS, R 100 GS, PD (87-90)",47E1,R 80 GS,0471,,EUR,1987-01,1990-07
0478-USA-01-1987,0478-USA-01-1987-47E1-BMW-R_100_GS,"R 80 GS, R 100 GS, PD (87-90)",47E1,R 100 GS,0478,,USA,1987-01,1990-03
0459-EUR-07-1987,0459-EUR-07-1987-2478-BMW-R_100_RT,"R 100 RS, R 100 RT (87-95)",2478,R 100 RT,0459,,EUR,1987-07,1995-12
0466-USA-08-1987,0466-USA-08-1987-2478-BMW-R_100_RS,"R 100 RS, R 100 RT (87-95)",2478,R 100 RS,0466,,USA,1987-08,1992-08
0469-USA-08-1987,0469-USA-08-1987-2478-BMW-R_100_RT,"R 100 RS, R 100 RT (87-95)",2478,R 100 RT,0469,,USA,1987-08,1995-12
0521-EUR-10-1987,0521-EUR-10-1987-K589-BMW-K_100_88_0521_,"K589 (K100, RS, RT, LT)",K589,K 100 88 (0521),0521,,EUR,1987-10,1990-07
0482-EUR-11-1987,0482-EUR-11-1987-2471-BMW-R_65_GS,"R 65 GS, R 80 G/S, R 80 ST (80-92)",2471,R 65 GS,0482,,EUR,1987-11,1992-11
0525-EUR-08-1988,"0525-EUR-08-1988-89V1-BMW-K_1_0525,0535_","K589 (K1, K 100 RS)",89V1,"K 1 (0525,0535)",0525,,EUR,1988-08,1993-09
0535-USA-01-1989,"0535-USA-01-1989-89V1-BMW-K_1_0525,0535_","K589 (K1, K 100 RS)",89V1,"K 1 (0525,0535)",0535,,USA,1989-01,1992-11
0565-EUR-01-1989,"0565-EUR-01-1989-K569-BMW-K_75_RT_0565,0573_","K569 (K 75, K 75 C, K 75 S, K 75 RT)",K569,"K 75 RT (0565,0573)",0565,,EUR,1989-01,2005-06
0474-EUR-02-1989,0474-EUR-02-1989-47E1-BMW-R_100_GS_PD,"R 80 GS, R 100 GS, PD (87-90)",47E1,R 100 GS PD,0474,,EUR,1989-02,1990-07
0523-EUR-03-1989,"0523-EUR-03-1989-89V1-BMW-K_100_RS_0523,0533_","K589 (K1, K 100 RS)",89V1,"K 100 RS (0523,0533)",0523,,EUR,1989-03,1992-06
0479-USA-06-1989,0479-USA-06-1989-47E1-BMW-R_100_GS_PD,"R 80 GS, R 100 GS, PD (87-90)",47E1,R 100 GS PD,0479,,USA,1989-06,1990-04
0526-EUR-06-1989,"0526-EUR-06-1989-89V2-BMW-K_1100_LT_0526,_0536_","K589 (K 1100 RS, K 1100 LT)",89V2,"K 1100 LT (0526, 0536)",0526,,EUR,1989-06,1999-04
0573-USA-09-1989,"0573-USA-09-1989-K569-BMW-K_75_RT_0565,0573_","K569 (K 75, K 75 C, K 75 S, K 75 RT)",K569,"K 75 RT (0565,0573)",0573,,USA,1989-09,1995-01
0481-EUR-04-1990,0481-EUR-04-1990-47E2-BMW-R_80_GS,"R 80 GS, R 100 GS, PD (90-95)",47E2,R 80 GS,0481,,EUR,1990-04,1995-10
0483-EUR-04-1990,0483-EUR-04-1990-47E2-BMW-R_100_GS,"R 80 GS, R 100 GS, PD (90-95)",47E2,R 100 GS,0483,,EUR,1990-04,1994-07
0472-EUR-06-1990,0472-EUR-06-1990-47E1-BMW-R_80_GS_PD,"R 80 GS, R 100 GS, PD (87-90)",47E1,R 80 GS PD,0472,,EUR,1990-06,1990-07
0533-USA-07-1990,"0533-USA-07-1990-89V1-BMW-K_100_RS_0523,0533_","K589 (K1, K 100 RS)",89V1,"K 100 RS (0523,0533)",0533,,USA,1990-07,1992-01
0571-USA-07-1990,"0571-USA-07-1990-K569-BMW-K_75_85_0562,0571_","K569 (K 75, K 75 C, K 75 S, K 75 RT)",K569,"K 75 85 (0562,0571)",0571,,USA,1990-07,1995-09
0484-EUR-08-1990,0484-EUR-08-1990-47E2-BMW-R_100_GS_PD,"R 80 GS, R 100 GS, PD (90-95)",47E2,R 100 GS PD,0484,,EUR,1990-08,1996-02
0485-EUR-08-1990,0485-EUR-08-1990-47E2-BMW-R_80_GS_PD_CH_,"R 80 GS, R 100 GS, PD (90-95)",47E2,R 80 GS PD (CH),0485,,EUR,1990-08,1995-06
0489-USA-09-1990,0489-USA-09-1990-47E2-BMW-R_100_GS_PD,"R 80 GS, R 100 GS, PD (90-95)",47E2,R 100 GS PD,0489,,USA,1990-09,1995-12
0488-USA-11-1990,0488-USA-11-1990-47E2-BMW-R_100_GS,"R 80 GS, R 100 GS, PD (90-95)",47E2,R 100 GS,0488,,USA,1990-11,1994-09
0467-EUR-03-1991,0467-EUR-03-1991-2473-BMW-R_80_R_91,"R 80 R, R 100 R, Mystik (91-95)",2473,R 80 R 91,0467,,EUR,1991-03,1994-06
0486-EUR-03-1991,0486-EUR-03-1991-2473-BMW-R_100_R_91,"R 80 R, R 100 R, Mystik (91-95)",2473,R 100 R 91,0486,,EUR,1991-03,1995-12
0487-USA-09-1991,0487-USA-09-1991-2473-BMW-R_100_R_91,"R 80 R, R 100 R, Mystik (91-95)",2473,R 100 R 91,0487,,USA,1991-09,1995-12
0411-EUR-01-1992,"0411-EUR-01-1992-259S-BMW-R_1100_RS_93_0411,0416_","259 (R 1100 S, R 1100 RS)",259S,"R 1100 RS 93 (0411,0416)",0411,,EUR,1992-01,2001-06
0536-USA-02-1992,"0536-USA-02-1992-89V2-BMW-K_1100_LT_0526,_0536_","K589 (K 1100 RS, K 1100 LT)",89V2,"K 1100 LT (0526, 0536)",0536,,USA,1992-02,1997-03
0522-EUR-04-1992,"0522-EUR-04-1992-89V2-BMW-K_1100_RS_0522,0532_","K589 (K 1100 RS, K 1100 LT)",89V2,"K 1100 RS (0522,0532)",0522,,EUR,1992-04,1996-12
0416-USA-06-1992,"0416-USA-06-1992-259S-BMW-R_1100_RS_93_0411,0416_","259 (R 1100 S, R 1100 RS)",259S,"R 1100 RS 93 (0411,0416)",0416,,USA,1992-06,2001-02
0532-USA-11-1992,"0532-USA-11-1992-89V2-BMW-K_1100_RS_0522,0532_","K589 (K 1100 RS, K 1100 LT)",89V2,"K 1100 RS (0522,0532)",0532,,USA,1992-11,1996-06
0404-EUR-04-1993,"0404-EUR-04-1993-259E-BMW-R_1100_GS_94_0404,0409_","259 (R 850 GS, R 1100 GS)",259E,"R 1100 GS 94 (0404,0409)",0404,,EUR,1993-04,1999-12
0161-EUR-09-1993,0161-EUR-09-1993-E169-BMW-F_650_94_0161_,"E169 (F 650, F 650 ST)",E169,F 650 94 (0161),0161,,EUR,1993-09,1996-07
0402-EUR-09-1993,"0402-EUR-09-1993-259R-BMW-R_1100_R_94_0402,0407_","259R (R 850 R, R 1100 R)",259R,"R 1100 R 94 (0402,0407)",0402,,EUR,1993-09,2001-04
0493-EUR-12-1993,0493-EUR-12-1993-2473-BMW-R_100_R_Mystik_94,"R 80 R, R 100 R, Mystik (91-95)",2473,R 100 R Mystik 94,0493,,EUR,1993-12,1996-01
0409-USA-02-1994,"0409-USA-02-1994-259E-BMW-R_1100_GS_94_0404,0409_","259 (R 850 GS, R 1100 GS)",259E,"R 1100 GS 94 (0404,0409)",0409,,USA,1994-02,2006-07
0401-EUR-03-1994,"0401-EUR-03-1994-259R-BMW-R_850_R_94_0401,0406_","259R (R 850 R, R 1100 R)",259R,"R 850 R 94 (0401,0406)",0401,,EUR,1994-03,2002-11
0491-EUR-03-1994,0491-EUR-03-1994-2473-BMW-R_80_R_Mystik_94,"R 80 R, R 100 R, Mystik (91-95)",2473,R 80 R Mystik 94,0491,,EUR,1994-03,1995-03
0497-USA-03-1994,0497-USA-03-1994-2473-BMW-R_100_R_Mystik_94,"R 80 R, R 100 R, Mystik (91-95)",2473,R 100 R Mystik 94,0497,,USA,1994-03,1995-09
0413-EUR-05-1994,"0413-EUR-05-1994-259T-BMW-R_1100_RT_96_0413,0418_","259 (R 850 RT, R 1100 RT)",259T,"R 1100 RT 96 (0413,0418)",0413,,EUR,1994-05,2001-08
0407-USA-09-1994,"0407-USA-09-1994-259R-BMW-R_1100_R_94_0402,0407_","259R (R 850 R, R 1100 R)",259R,"R 1100 R 94 (0402,0407)",0407,,USA,1994-09,2000-11
0418-USA-09-1994,"0418-USA-09-1994-259T-BMW-R_1100_RT_96_0413,0418_","259 (R 850 RT, R 1100 RT)",259T,"R 1100 RT 96 (0413,0418)",0418,,USA,1994-09,2001-07
0406-USA-08-1995,"0406-USA-08-1995-259R-BMW-R_850_R_94_0401,0406_","259R (R 850 R, R 1100 R)",259R,"R 850 R 94 (0401,0406)",0406,,USA,1995-08,1997-04
0475-EUR-01-1996,0475-EUR-01-1996-47E3-BMW-R_80_GS,R 80 GS Basic (96),47E3,R 80 GS,0475,,EUR,1996-01,1996-12
0412-EUR-03-1996,0412-EUR-03-1996-259T-BMW-R_850_RT_96_0412_,"259 (R 850 RT, R 1100 RT)",259T,R 850 RT 96 (0412),0412,,EUR,1996-03,2001-11
0424-EUR-04-1996,"0424-EUR-04-1996-59C1-BMW-R_1200_C_97_0424,0434_","259C (R 850 C, R 1200 C)",59C1,"R 1200 C 97 (0424,0434)",0424,,EUR,1996-04,2003-05
0544-EUR-04-1996,"0544-EUR-04-1996-89V3-BMW-K_1200_RS_97_0544,0554_","K589 (K 1200 RS, K 1200 LT)",89V3,"K 1200 RS 97 (0544,0554)",0544,,EUR,1996-04,2005-04
0554-USA-05-1996,"0554-USA-05-1996-89V3-BMW-K_1200_RS_97_0544,0554_","K589 (K 1200 RS, K 1200 LT)",89V3,"K 1200 RS 97 (0544,0554)",0554,,USA,1996-05,2000-12
0434-USA-06-1996,"0434-USA-06-1996-59C1-BMW-R_1200_C_97_0424,0434_","259C (R 850 C, R 1200 C)",59C1,"R 1200 C 97 (0424,0434)",0434,,USA,1996-06,2003-05
0162-EUR-09-1996,0162-EUR-09-1996-E169-BMW-F_650_97_0162_,"E169 (F 650, F 650 ST)",E169,F 650 97 (0162),0162,,EUR,1996-09,2003-04
0163-EUR-09-1996,"0163-EUR-09-1996-E169-BMW-F_650_ST_97_0163,0168_","E169 (F 650, F 650 ST)",E169,"F 650 ST 97 (0163,0168)",0163,,EUR,1996-09,2000-09
0166-USA-09-1996,0166-USA-09-1996-E169-BMW-F_650_97_0166_,"E169 (F 650, F 650 ST)",E169,F 650 97 (0166),0166,,USA,1996-09,1999-12
0168-USA-09-1996,"0168-USA-09-1996-E169-BMW-F_650_ST_97_0163,0168_","E169 (F 650, F 650 ST)",E169,"F 650 ST 97 (0163,0168)",0168,,USA,1996-09,1997-06
0403-EUR-10-1996,0403-EUR-10-1996-259E-BMW-R_850_GS_95_0403_,"259 (R 850 GS, R 1100 GS)",259E,R 850 GS 95 (0403),0403,,EUR,1996-10,2000-07
0422-EUR-12-1996,"0422-EUR-12-1996-259S-BMW-R_1100_S_98_0422,0432_","259 (R 1100 S, R 1100 RS)",259S,"R 1100 S 98 (0422,0432)",0422,,EUR,1996-12,2005-07
0421-EUR-01-1997,0421-EUR-01-1997-59C1-BMW-R_850_C_99_0421_,"259C (R 850 C, R 1200 C)",59C1,R 850 C 99 (0421),0421,,EUR,1997-01,2000-09
0432-USA-01-1997,"0432-USA-01-1997-259S-BMW-R_1100_S_98_0422,0432_","259 (R 1100 S, R 1100 RS)",259S,"R 1100 S 98 (0422,0432)",0432,,USA,1997-01,2004-09
0545-EUR-06-1997,"0545-EUR-06-1997-89V3-BMW-K_1200_LT_99_0545,0555_","K589 (K 1200 RS, K 1200 LT)",89V3,"K 1200 LT 99 (0545,0555)",0545,,EUR,1997-06,2003-12
0555-USA-06-1997,"0555-USA-06-1997-89V3-BMW-K_1200_LT_99_0545,0555_","K589 (K 1200 RS, K 1200 LT)",89V3,"K 1200 LT 99 (0545,0555)",0555,,USA,1997-06,2003-11
0415-EUR-09-1998,"0415-EUR-09-1998-R21-BMW-R_1150_GS_00_0415,0495_",R21 (R 1150 GS),R21,"R 1150 GS 00 (0415,0495)",0415,,EUR,1998-09,2003-11
0495-USA-09-1998,"0495-USA-09-1998-R21-BMW-R_1150_GS_00_0415,0495_",R21 (R 1150 GS),R21,"R 1150 GS 00 (0415,0495)",0495,,USA,1998-09,2003-11
0172-EUR-02-1999,"0172-EUR-02-1999-R13-BMW-F_650_GS_00_0172,0182_","R13 (F 650 GS, GS Dakar)",R13,"F 650 GS 00 (0172,0182)",0172,,EUR,1999-02,2003-11
0182-USA-02-1999,"0182-USA-02-1999-R13-BMW-F_650_GS_00_0172,0182_","R13 (F 650 GS, GS Dakar)",R13,"F 650 GS 00 (0172,0182)",0182,,USA,1999-02,2003-09
0191-EUR-10-1999,0191-EUR-10-1999-C1N-BMW-C1_0191_,C1,C1N,C1 (0191),0191,,EUR,1999-10,2003-04
0173-EUR-11-1999,"0173-EUR-11-1999-R13-BMW-F_650_GS_Dakar_00_0173,0183_","R13 (F 650 GS, GS Dakar)",R13,"F 650 GS Dakar 00 (0173,0183)",0173,,EUR,1999-11,2003-11
0428-EUR-11-1999,0428-EUR-11-1999-R28-BMW-R_850_R_02_0428_,"R28 (R 850 R, R 1150 R, Rockster)",R28,R 850 R 02 (0428),0428,,EUR,1999-11,2007-07
0429-EUR-11-1999,"0429-EUR-11-1999-R28-BMW-R_1150_R_01_0429,0439_","R28 (R 850 R, R 1150 R, Rockster)",R28,"R 1150 R 01 (0429,0439)",0429,,EUR,1999-11,2006-06
0419-EUR-01-2000,"0419-EUR-01-2000-R22-BMW-R_1150_RT_00_0419,0499_","R22 (R 850 RT, R 1150 RT, R 1150 RS)",R22,"R 1150 RT 00 (0419,0499)",0419,,EUR,2000-01,2006-03
0499-USA-02-2000,"0499-USA-02-2000-R22-BMW-R_1150_RT_00_0419,0499_","R22 (R 850 RT, R 1150 RT, R 1150 RS)",R22,"R 1150 RT 00 (0419,0499)",0499,,USA,2000-02,2006-02
0439-USA-03-2000,"0439-USA-03-2000-R28-BMW-R_1150_R_01_0429,0439_","R28 (R 850 R, R 1150 R, Rockster)",R28,"R 1150 R 01 (0429,0439)",0439,,USA,2000-03,2006-02
0547-EUR-03-2000,"0547-EUR-03-2000-K41-BMW-K_1200_RS_01_0547,0557_","K41 (K 1200 GT, K 1200 RS)",K41,"K 1200 RS 01 (0547,0557)",0547,,EUR,2000-03,2005-07
0557-USA-03-2000,"0557-USA-03-2000-K41-BMW-K_1200_RS_01_0547,0557_","K41 (K 1200 GT, K 1200 RS)",K41,"K 1200 RS 01 (0547,0557)",0557,,USA,2000-03,2004-07
0183-USA-04-2000,"0183-USA-04-2000-R13-BMW-F_650_GS_Dakar_00_0173,0183_","R13 (F 650 GS, GS Dakar)",R13,"F 650 GS Dakar 00 (0173,0183)",0183,,USA,2000-04,2003-10
0405-EUR-05-2000,"0405-EUR-05-2000-59C3-BMW-R_1200_C_Indep_00_0405,0433_",259C (R 1200 C Independent),59C3,"R 1200 C Indep. 00 (0405,0433)",0405,,EUR,2000-05,2003-05
0417-EUR-06-2000,0417-EUR-06-2000-R22-BMW-R_850_RT_02_0417_,"R22 (R 850 RT, R 1150 RT, R 1150 RS)",R22,R 850 RT 02 (0417),0417,,EUR,2000-06,2006-02
0433-USA-09-2000,"0433-USA-09-2000-59C3-BMW-R_1200_C_Indep_00_0405,0433_",259C (R 1200 C Independent),59C3,"R 1200 C Indep. 00 (0405,0433)",0433,,USA,2000-09,2003-05
0174-EUR-11-2000,"0174-EUR-11-2000-K14-BMW-F_650_CS_02_0174,0184_",K14 (F 650 CS),K14,"F 650 CS 02 (0174,0184)",0174,,EUR,2000-11,2003-09
0184-USA-11-2000,"0184-USA-11-2000-K14-BMW-F_650_CS_02_0174,0184_",K14 (F 650 CS),K14,"F 650 CS 02 (0174,0184)",0184,,USA,2000-11,2003-09
0447-EUR-11-2000,"0447-EUR-11-2000-R22-BMW-R_1150_RS_01_0447,0498_","R22 (R 850 RT, R 1150 RT, R 1150 RS)",R22,"R 1150 RS 01 (0447,0498)",0447,,EUR,2000-11,2004-11
0498-USA-11-2000,"0498-USA-11-2000-R22-BMW-R_1150_RS_01_0447,0498_","R22 (R 850 RT, R 1150 RT, R 1150 RS)",R22,"R 1150 RS 01 (0447,0498)",0498,,USA,2000-11,2004-01
0192-EUR-12-2000,0192-EUR-12-2000-C1N-BMW-C1_200_0192_,C1,C1N,C1 200 (0192),0192,,EUR,2000-12,2003-02
0441-EUR-07-2001,"0441-EUR-07-2001-R21A-BMW-R_1150_GS_Adv_01_0441,0492_",R21 (R 1150 GS Adventure),R21A,"R 1150 GS Adv. 01 (0441,0492)",0441,,EUR,2001-07,2005-09
0492-USA-07-2001,"0492-USA-07-2001-R21A-BMW-R_1150_GS_Adv_01_0441,0492_",R21 (R 1150 GS Adventure),R21A,"R 1150 GS Adv. 01 (0441,0492)",0492,,USA,2001-07,2005-09
0442-EUR-10-2001,"0442-EUR-10-2001-K30-BMW-R_1200_CL_0442,0496_",K30 (R1200 CL),K30,"R 1200 CL (0442,0496)",0442,,EUR,2001-10,2004-07
0496-USA-10-2001,"0496-USA-10-2001-K30-BMW-R_1200_CL_0442,0496_",K30 (R1200 CL),K30,"R 1200 CL (0442,0496)",0496,,USA,2001-10,2004-07
0308-EUR-03-2002,"0308-EUR-03-2002-R28-BMW-R_1150_R_Rockster_0308,0318_","R28 (R 850 R, R 1150 R, Rockster)",R28,"R 1150 R Rockster (0308,0318)",0308,,EUR,2002-03,2005-07
0318-USA-03-2002,"0318-USA-03-2002-R28-BMW-R_1150_R_Rockster_0308,0318_","R28 (R 850 R, R 1150 R, Rockster)",R28,"R 1150 R Rockster (0308,0318)",0318,,USA,2002-03,2005-07
0548-EUR-03-2002,"0548-EUR-03-2002-K41-BMW-K_1200_GT_01_0548,0558_","K41 (K 1200 GT, K 1200 RS)",K41,"K 1200 GT 01 (0548,0558)",0548,,EUR,2002-03,2005-07
0558-USA-04-2002,"0558-USA-04-2002-K41-BMW-K_1200_GT_01_0548,0558_","K41 (K 1200 GT, K 1200 RS)",K41,"K 1200 GT 01 (0548,0558)",0558,,USA,2002-04,2004-10
0309-EUR-10-2002,"0309-EUR-10-2002-59C2-BMW-R_1200_Montauk_03_0309,0319_",259C (R 1200 C Montauk),59C2,"R 1200 Montauk 03 (0309,0319)",0309,,EUR,2002-10,2004-10
0319-USA-10-2002,"0319-USA-10-2002-59C2-BMW-R_1200_Montauk_03_0309,0319_",259C (R 1200 C Montauk),59C2,"R 1200 Montauk 03 (0309,0319)",0319,,USA,2002-10,2004-10
0329-EUR-10-2002,"0329-EUR-10-2002-59C1-BMW-R_1200_C_03_0329,0379_","259C (R 850 C, R 1200 C)",59C1,"R 1200 C 03 (0329,0379)",0329,,EUR,2002-10,2004-07
0379-USA-10-2002,"0379-USA-10-2002-59C1-BMW-R_1200_C_03_0329,0379_","259C (R 850 C, R 1200 C)",59C1,"R 1200 C 03 (0329,0379)",0379,,USA,2002-10,2004-07
0307-EUR-12-2002,"0307-EUR-12-2002-K25-BMW-R_1200_GS_04_0307,0317_",K25 (R 1200 GS),K25,"R 1200 GS 04 (0307,0317)",0307,,EUR,2002-12,2007-10
0362-EUR-02-2003,"0362-EUR-02-2003-59C3-BMW-R_1200_C_Indep_03_0362,0391_",259C (R 1200 C Independent),59C3,"R 1200 C Indep. 03 (0362,0391)",0362,,EUR,2003-02,2004-08
0549-EUR-02-2003,"0549-EUR-02-2003-89V3-BMW-K_1200_LT_04_0549,0559_","K589 (K 1200 RS, K 1200 LT)",89V3,"K 1200 LT 04 (0549,0559)",0549,,EUR,2003-02,2008-07
0559-USA-02-2003,"0559-USA-02-2003-89V3-BMW-K_1200_LT_04_0549,0559_","K589 (K 1200 RS, K 1200 LT)",89V3,"K 1200 LT 04 (0549,0559)",0559,,USA,2003-02,2008-07
0175-EUR-03-2003,"0175-EUR-03-2003-R13-BMW-F_650_GS_04_0175,0185_","R13 (F 650 GS, GS Dakar)",R13,"F 650 GS 04 (0175,0185)",0175,,EUR,2003-03,2007-10
0176-EUR-03-2003,"0176-EUR-03-2003-R13-BMW-F_650_GS_Dakar_04_0176,0186_","R13 (F 650 GS, GS Dakar)",R13,"F 650 GS Dakar 04 (0176,0186)",0176,,EUR,2003-03,2007-09
0317-USA-03-2003,"0317-USA-03-2003-K25-BMW-R_1200_GS_04_0307,0317_",K25 (R 1200 GS),K25,"R 1200 GS 04 (0307,0317)",0317,,USA,2003-03,2007-09
0185-USA-04-2003,"0185-USA-04-2003-R13-BMW-F_650_GS_04_0175,0185_","R13 (F 650 GS, GS Dakar)",R13,"F 650 GS 04 (0175,0185)",0185,,USA,2003-04,2007-09
0581-EUR-04-2003,"0581-EUR-04-2003-K40-BMW-K_1200_S_0581,0591_","K40 (K 1200 S, K 1300 S)",K40,"K 1200 S (0581,0591)",0581,,EUR,2003-04,2008-08
0591-USA-04-2003,"0591-USA-04-2003-K40-BMW-K_1200_S_0581,0591_","K40 (K 1200 S, K 1300 S)",K40,"K 1200 S (0581,0591)",0591,,USA,2003-04,2008-08
0328-EUR-05-2003,"0328-EUR-05-2003-K28-BMW-R_1200_ST_0328,0338_",K28 (R 1200 ST),K28,"R 1200 ST (0328,0338)",0328,,EUR,2003-05,2007-11
0338-USA-06-2003,"0338-USA-06-2003-K28-BMW-R_1200_ST_0328,0338_",K28 (R 1200 ST),K28,"R 1200 ST (0328,0338)",0338,,USA,2003-06,2007-06
0177-EUR-07-2003,"0177-EUR-07-2003-K14-BMW-F_650_CS_04_0177,0187_",K14 (F 650 CS),K14,"F 650 CS 04 (0177,0187)",0177,,EUR,2003-07,2005-07
0186-USA-08-2003,"0186-USA-08-2003-R13-BMW-F_650_GS_Dakar_04_0176,0186_","R13 (F 650 GS, GS Dakar)",R13,"F 650 GS Dakar 04 (0176,0186)",0186,,USA,2003-08,2006-12
0391-USA-10-2003,"0391-USA-10-2003-59C3-BMW-R_1200_C_Indep_03_0362,0391_",259C (R 1200 C Independent),59C3,"R 1200 C Indep. 03 (0362,0391)",0391,,USA,2003-10,2004-05
0368-EUR-11-2003,"0368-EUR-11-2003-K26-BMW-R_1200_RT_05_0368,0388_","K26 (R 900 RT, R 1200 RT)",K26,"R 1200 RT 05 (0368,0388)",0368,,EUR,2003-11,2009-11
0388-USA-11-2003,"0388-USA-11-2003-K26-BMW-R_1200_RT_05_0368,0388_","K26 (R 900 RT, R 1200 RT)",K26,"R 1200 RT 05 (0368,0388)",0388,,USA,2003-11,2009-09
0187-USA-01-2004,"0187-USA-01-2004-K14-BMW-F_650_CS_04_0177,0187_",K14 (F 650 CS),K14,"F 650 CS 04 (0177,0187)",0187,,USA,2004-01,2005-02
0584-EUR-03-2004,"0584-EUR-03-2004-K43-BMW-K_1200_R_0584,0594_","K43 (K 1200 R, Sport, K 1300 R)",K43,"K 1200 R (0584,0594)",0584,,EUR,2004-03,2008-08
0594-USA-04-2004,"0594-USA-04-2004-K43-BMW-K_1200_R_0584,0594_","K43 (K 1200 R, Sport, K 1300 R)",K43,"K 1200 R (0584,0594)",0594,,USA,2004-04,2008-07
0369-EUR-08-2004,"0369-EUR-08-2004-K25H-BMW-HP2_Enduro_0369,0389_",K25 (HP),K25H,"HP2 Enduro (0369,0389)",0369,,EUR,2004-08,2006-08
0389-USA-08-2004,"0389-USA-08-2004-K25H-BMW-HP2_Enduro_0369,0389_",K25 (HP),K25H,"HP2 Enduro (0369,0389)",0389,,USA,2004-08,2006-08
0366-EUR-11-2004,"0366-EUR-11-2004-K29-BMW-R_1200_S_0366,0396_","K29 (R 1200 S, HP2 Sport)",K29,"R 1200 S (0366,0396)",0366,,EUR,2004-11,2006-12
0396-USA-11-2004,"0396-USA-11-2004-K29-BMW-R_1200_S_0366,0396_","K29 (R 1200 S, HP2 Sport)",K29,"R 1200 S (0366,0396)",0396,,USA,2004-11,2006-09
0587-EUR-11-2004,"0587-EUR-11-2004-K44-BMW-K_1200_GT_0587,0597_","K44 (K 1200 GT, K 1300 GT)",K44,"K 1200 GT (0587,0597)",0587,,EUR,2004-11,2008-09
0597-USA-11-2004,"0597-USA-11-2004-K44-BMW-K_1200_GT_0587,0597_","K44 (K 1200 GT, K 1300 GT)",K44,"K 1200 GT (0587,0597)",0597,,USA,2004-11,2008-09
0216-EUR-12-2004,"0216-EUR-12-2004-K71-BMW-F_800_S_0216,0226_","K71 (F 800 S, F 800 ST, F 800 GT)",K71,"F 800 S (0216,0226)",0216,,EUR,2004-12,2010-05
0226-USA-12-2004,"0226-USA-12-2004-K71-BMW-F_800_S_0216,0226_","K71 (F 800 S, F 800 ST, F 800 GT)",K71,"F 800 S (0216,0226)",0226,,USA,2004-12,2008-01
0234-EUR-12-2004,"0234-EUR-12-2004-K71-BMW-F_800_ST_0234,0244_","K71 (F 800 S, F 800 ST, F 800 GT)",K71,"F 800 ST (0234,0244)",0234,,EUR,2004-12,2012-07
0244-USA-12-2004,"0244-USA-12-2004-K71-BMW-F_800_ST_0234,0244_","K71 (F 800 S, F 800 ST, F 800 GT)",K71,"F 800 ST (0234,0244)",0244,,USA,2004-12,2012-07
0382-EUR-03-2005,"0382-EUR-03-2005-K255-BMW-R_1200_GS_Adv_06_0382,0397_",K25 (R 1200 GS Adventure),K255,"R 1200 GS Adv. 06 (0382,0397)",0382,,EUR,2005-03,2007-09
0397-USA-03-2005,"0397-USA-03-2005-K255-BMW-R_1200_GS_Adv_06_0382,0397_",K25 (R 1200 GS Adventure),K255,"R 1200 GS Adv. 06 (0382,0397)",0397,,USA,2005-03,2007-09
0367-EUR-04-2005,"0367-EUR-04-2005-K26-BMW-R_900_RT_05_SF_0367,0387_","K26 (R 900 RT, R 1200 RT)",K26,"R 900 RT 05 SF (0367,0387)",0367,,EUR,2005-04,2009-09
0387-USA-04-2005,"0387-USA-04-2005-K26-BMW-R_900_RT_05_SF_0367,0387_","K26 (R 900 RT, R 1200 RT)",K26,"R 900 RT 05 SF (0367,0387)",0387,,USA,2005-04,2009-07
0585-EUR-06-2005,"0585-EUR-06-2005-K43-BMW-K_1200_R_Sport_0585,0595_","K43 (K 1200 R, Sport, K 1300 R)",K43,"K 1200 R Sport (0585,0595)",0585,,EUR,2005-06,2007-07
0595-USA-06-2005,"0595-USA-06-2005-K43-BMW-K_1200_R_Sport_0585,0595_","K43 (K 1200 R, Sport, K 1300 R)",K43,"K 1200 R Sport (0585,0595)",0595,,USA,2005-06,2007-07
0378-EUR-11-2005,"0378-EUR-11-2005-K27-BMW-R_1200_R_06_0378,0398_",K27 (R 1200 R),K27,"R 1200 R 06 (0378,0398)",0378,,EUR,2005-11,2010-10
0398-USA-11-2005,"0398-USA-11-2005-K27-BMW-R_1200_R_06_0378,0398_",K27 (R 1200 R),K27,"R 1200 R 06 (0378,0398)",0398,,USA,2005-11,2010-09
0217-EUR-12-2005,"0217-EUR-12-2005-K73-BMW-F_800_R_0217,0227_",K73 (F 800 R),K73,"F 800 R (0217,0227)",0217,,EUR,2005-12,2014-09
0227-USA-12-2005,"0227-USA-12-2005-K73-BMW-F_800_R_0217,0227_",K73 (F 800 R),K73,"F 800 R (0217,0227)",0227,,USA,2005-12,2014-07
0165-EUR-07-2006,"0165-EUR-07-2006-K15-BMW-G_650_Xchallenge_0165,0195_",K15 (G 650 X),K15,"G 650 Xchallenge (0165,0195)",0165,,EUR,2006-07,2007-11
0167-EUR-07-2006,"0167-EUR-07-2006-K15-BMW-G_650_Xmoto_0167,0197_",K15 (G 650 X),K15,"G 650 Xmoto (0167,0197)",0167,,EUR,2006-07,2007-11
0310-EUR-08-2006,"0310-EUR-08-2006-K25H-BMW-HP2_Megamoto_0310,0320_",K25 (HP),K25H,"HP2 Megamoto (0310,0320)",0310,,EUR,2006-08,2008-11
0320-USA-08-2006,"0320-USA-08-2006-K25H-BMW-HP2_Megamoto_0310,0320_",K25 (HP),K25H,"HP2 Megamoto (0310,0320)",0320,,USA,2006-08,2008-11
0164-EUR-10-2006,"0164-EUR-10-2006-K15-BMW-G_650_Xcountry_07_0164,0194_",K15 (G 650 X),K15,"G 650 Xcountry 07 (0164,0194)",0164,,EUR,2006-10,2007-11
0218-EUR-10-2006,"0218-EUR-10-2006-K72-BMW-F_650_GS_0218,0228_","K72 (F 650 GS, F 800 GS)",K72,"F 650 GS (0218,0228)",0218,,EUR,2006-10,2012-06
0219-EUR-10-2006,"0219-EUR-10-2006-K72-BMW-F_800_GS_08_0219,0229_","K72 (F 650 GS, F 800 GS)",K72,"F 800 GS 08 (0219,0229)",0219,,EUR,2006-10,2012-06
0195-USA-11-2006,"0195-USA-11-2006-K15-BMW-G_650_Xchallenge_0165,0195_",K15 (G 650 X),K15,"G 650 Xchallenge (0165,0195)",0195,,USA,2006-11,2007-11
0228-USA-11-2006,"0228-USA-11-2006-K72-BMW-F_650_GS_0218,0228_","K72 (F 650 GS, F 800 GS)",K72,"F 650 GS (0218,0228)",0228,,USA,2006-11,2012-06
0229-USA-11-2006,"0229-USA-11-2006-K72-BMW-F_800_GS_08_0219,0229_","K72 (F 650 GS, F 800 GS)",K72,"F 800 GS 08 (0219,0229)",0229,,USA,2006-11,2012-05
0303-EUR-11-2006,"0303-EUR-11-2006-K25-BMW-R_1200_GS_08_0303,0313_",K25 (R 1200 GS),K25,"R 1200 GS 08 (0303,0313)",0303,,EUR,2006-11,2009-09
0313-USA-11-2006,"0313-USA-11-2006-K25-BMW-R_1200_GS_08_0303,0313_",K25 (R 1200 GS),K25,"R 1200 GS 08 (0303,0313)",0313,,USA,2006-11,2009-09
0380-EUR-11-2006,"0380-EUR-11-2006-K255-BMW-R_1200_GS_Adv_08_0380,0390_",K25 (R 1200 GS Adventure),K255,"R 1200 GS Adv. 08 (0380,0390)",0380,,EUR,2006-11,2009-09
0390-USA-11-2006,"0390-USA-11-2006-K255-BMW-R_1200_GS_Adv_08_0380,0390_",K25 (R 1200 GS Adventure),K255,"R 1200 GS Adv. 08 (0380,0390)",0390,,USA,2006-11,2009-09
0194-USA-12-2006,"0194-USA-12-2006-K15-BMW-G_650_Xcountry_07_0164,0194_",K15 (G 650 X),K15,"G 650 Xcountry 07 (0164,0194)",0194,,USA,2006-12,2007-11
0197-USA-12-2006,"0197-USA-12-2006-K15-BMW-G_650_Xmoto_0167,0197_",K15 (G 650 X),K15,"G 650 Xmoto (0167,0197)",0197,,USA,2006-12,2007-11
0458-EUR-01-2007,"0458-EUR-01-2007-K29-BMW-HP2_Sport_0458,_0468_","K29 (R 1200 S, HP2 Sport)",K29,"HP2 Sport (0458, 0468)",0458,,EUR,2007-01,2010-07
0468-USA-01-2007,"0468-USA-01-2007-K29-BMW-HP2_Sport_0458,_0468_","K29 (R 1200 S, HP2 Sport)",K29,"HP2 Sport (0458, 0468)",0468,,USA,2007-01,2010-04
0145-EUR-09-2007,0145-EUR-09-2007-K16-BMW-G_450_X_0145_,K16 (G 450 X),K16,G 450 X (0145),0145,,EUR,2007-09,2010-06
0145-USA-09-2007,0145-USA-09-2007-K16-BMW-G_450_X_0145_,K16 (G 450 X),K16,G 450 X (0145),0145,,USA,2007-09,2010-06
0141-EUR-10-2007,"0141-EUR-10-2007-K15-BMW-G_650_Xcountry_08_0141,0151_",K15 (G 650 X),K15,"G 650 Xcountry 08 (0141,0151)",0141,,EUR,2007-10,2009-02
0151-USA-11-2007,"0151-USA-11-2007-K15-BMW-G_650_Xcountry_08_0141,0151_",K15 (G 650 X),K15,"G 650 Xcountry 08 (0141,0151)",0151,,USA,2007-11,2008-07
0509-USA-11-2007,"0509-USA-11-2007-K40-BMW-K_1300_S_0508,0509_","K40 (K 1200 S, K 1300 S)",K40,"K 1300 S (0508,0509)",0509,,USA,2007-11,2015-09
0518-EUR-11-2007,"0518-EUR-11-2007-K43-BMW-K_1300_R_0518,0519_","K43 (K 1200 R, Sport, K 1300 R)",K43,"K 1300 R (0518,0519)",0518,,EUR,2007-11,2015-07
0508-EUR-12-2007,"0508-EUR-12-2007-K40-BMW-K_1300_S_0508,0509_","K40 (K 1200 S, K 1300 S)",K40,"K 1300 S (0508,0509)",0508,,EUR,2007-12,2015-09
0519-USA-12-2007,"0519-USA-12-2007-K43-BMW-K_1300_R_0518,0519_","K43 (K 1200 R, Sport, K 1300 R)",K43,"K 1300 R (0518,0519)",0519,,USA,2007-12,2012-01
0538-EUR-12-2007,"0538-EUR-12-2007-K44-BMW-K_1300_GT_0538,0539_","K44 (K 1200 GT, K 1300 GT)",K44,"K 1300 GT (0538,0539)",0538,,EUR,2007-12,2010-10
0539-USA-12-2007,"0539-USA-12-2007-K44-BMW-K_1300_GT_0538,0539_","K44 (K 1200 GT, K 1300 GT)",K44,"K 1300 GT (0538,0539)",0539,,USA,2007-12,2010-08
0178-EUR-02-2008,"0178-EUR-02-2008-R131-BMW-G_650_GS_09_0178,0179_",R13 (G 650 GS),R131,"G 650 GS 09 (0178,0179)",0178,,EUR,2008-02,2010-09
0179-USA-02-2008,"0179-USA-02-2008-R131-BMW-G_650_GS_09_0178,0179_",R13 (G 650 GS),R131,"G 650 GS 09 (0178,0179)",0179,,USA,2008-02,2009-09
0430-EUR-07-2008,"0430-EUR-07-2008-K26-BMW-R_1200_RT_10_0430,0440_","K26 (R 900 RT, R 1200 RT)",K26,"R 1200 RT 10 (0430,0440)",0430,,EUR,2008-07,2014-06
0440-USA-07-2008,"0440-USA-07-2008-K26-BMW-R_1200_RT_10_0430,0440_","K26 (R 900 RT, R 1200 RT)",K26,"R 1200 RT 10 (0430,0440)",0440,,USA,2008-07,2014-05
0507-EUR-09-2008,"0507-EUR-09-2008-K46-BMW-S_1000_RR_10_0507,0517_",K46 (S 1000 RR),K46,"S 1000 RR 10 (0507,0517)",0507,,EUR,2008-09,2011-08
0517-USA-09-2008,"0517-USA-09-2008-K46-BMW-S_1000_RR_10_0507,0517_",K46 (S 1000 RR),K46,"S 1000 RR 10 (0507,0517)",0517,,USA,2008-09,2011-08
0180-EUR-10-2008,0180-EUR-10-2008-R131-BMW-G_650_GS_09_0180_,R13 (G 650 GS),R131,G 650 GS 09 (0180),0180,,EUR,2008-10,2010-04
0450-EUR-10-2008,"0450-EUR-10-2008-K25-BMW-R_1200_GS_10_0450,0460_",K25 (R 1200 GS),K25,"R 1200 GS 10 (0450,0460)",0450,,EUR,2008-10,2012-12
0460-USA-10-2008,"0460-USA-10-2008-K25-BMW-R_1200_GS_10_0450,0460_",K25 (R 1200 GS),K25,"R 1200 GS 10 (0450,0460)",0460,,USA,2008-10,2012-09
0470-EUR-10-2008,"0470-EUR-10-2008-K255-BMW-R_1200_GS_Adv_10_0470,0480_",K25 (R 1200 GS Adventure),K255,"R 1200 GS Adv. 10 (0470,0480)",0470,,EUR,2008-10,2013-07
0480-USA-10-2008,"0480-USA-10-2008-K255-BMW-R_1200_GS_Adv_10_0470,0480_",K25 (R 1200 GS Adventure),K255,"R 1200 GS Adv. 10 (0470,0480)",0480,,USA,2008-10,2013-07
0340-USA-03-2009,"0340-USA-03-2009-K26-BMW-R_900_RT_10_SF_0330,0340_","K26 (R 900 RT, R 1200 RT)",K26,"R 900 RT 10 SF (0330,0340)",0340,,USA,2009-03,2010-05
0330-EUR-07-2009,"0330-EUR-07-2009-K26-BMW-R_900_RT_10_SF_0330,0340_","K26 (R 900 RT, R 1200 RT)",K26,"R 900 RT 10 SF (0330,0340)",0330,,EUR,2009-07,2013-09
0171-BRA-09-2009,0171-BRA-09-2009-R131-BMW-G_650_GS_10_0171_,R13 (G 650 GS),R131,G 650 GS 10 (0171),0171,,BRA,2009-09,2011-01
0400-EUR-12-2009,"0400-EUR-12-2009-K27-BMW-R_1200_R_11_0400,0490_",K27 (R 1200 R),K27,"R 1200 R 11 (0400,0490)",0400,,EUR,2009-12,2014-07
0490-USA-12-2009,"0490-USA-12-2009-K27-BMW-R_1200_R_11_0400,0490_",K27 (R 1200 R),K27,"R 1200 R 11 (0400,0490)",0490,,USA,2009-12,2014-07
0601-EUR-01-2010,"0601-EUR-01-2010-K48-BMW-K_1600_GT_0601,0611_","K48 (K 1600 GT, K 1600 GTL)",K48,"K 1600 GT (0601,0611)",0601,,EUR,2010-01,2016-09
0602-EUR-01-2010,"0602-EUR-01-2010-K48-BMW-K_1600_GTL_0602,_0612_","K48 (K 1600 GT, K 1600 GTL)",K48,"K 1600 GTL (0602, 0612)",0602,,EUR,2010-01,2016-09
0612-USA-01-2010,"0612-USA-01-2010-K48-BMW-K_1600_GTL_0602,_0612_","K48 (K 1600 GT, K 1600 GTL)",K48,"K 1600 GTL (0602, 0612)",0612,,USA,2010-01,2016-04
0611-USA-02-2010,"0611-USA-02-2010-K48-BMW-K_1600_GT_0601,0611_","K48 (K 1600 GT, K 1600 GTL)",K48,"K 1600 GT (0601,0611)",0611,,USA,2010-02,2016-03
0188-EUR-04-2010,"0188-EUR-04-2010-R131-BMW-G_650_GS_11_0188,0189_",R13 (G 650 GS),R131,"G 650 GS 11 (0188,0189)",0188,,EUR,2010-04,2015-10
0189-USA-04-2010,"0189-USA-04-2010-R131-BMW-G_650_GS_11_0188,0189_",R13 (G 650 GS),R131,"G 650 GS 11 (0188,0189)",0189,,USA,2010-04,2015-10
0136-EUR-07-2010,"0136-EUR-07-2010-R134-BMW-G_650_GS_Sertão_0136,_0146_",R13 (G 650 GS Sertão),R134,"G 650 GS Sertão (0136, 0146)",0136,,EUR,2010-07,2014-11
0146-USA-07-2010,"0146-USA-07-2010-R134-BMW-G_650_GS_Sertão_0136,_0146_",R13 (G 650 GS Sertão),R134,"G 650 GS Sertão (0136, 0146)",0146,,USA,2010-07,2014-10
0215-BRA-10-2010,0215-BRA-10-2010-K73-BMW-F_800_R_0215_,K73 (F 800 R),K73,F 800 R (0215),0215,,BRA,2010-10,2014-09
0524-EUR-10-2010,"0524-EUR-10-2010-K46-BMW-S_1000_RR_12_0524,0534_",K46 (S 1000 RR),K46,"S 1000 RR 12 (0524,0534)",0524,,EUR,2010-10,2014-07
0534-USA-10-2010,"0534-USA-10-2010-K46-BMW-S_1000_RR_12_0524,0534_",K46 (S 1000 RR),K46,"S 1000 RR 12 (0524,0534)",0534,,USA,2010-10,2014-07
0225-BRA-12-2010,0225-BRA-12-2010-K72-BMW-F_800_GS_11_0225_,"K72 (F 650 GS, F 800 GS)",K72,F 800 GS 11 (0225),0225,,BRA,2010-12,2012-07
0133-EUR-01-2011,"0133-EUR-01-2011-K19-BMW-C_650_GT_0133,_0134_",K19 (C 650 GT),K19,"C 650 GT (0133, 0134)",0133,,EUR,2011-01,2015-07
0134-USA-01-2011,"0134-USA-01-2011-K19-BMW-C_650_GT_0133,_0134_",K19 (C 650 GT),K19,"C 650 GT (0133, 0134)",0134,,USA,2011-01,2015-05
0135-BRA-01-2011,0135-BRA-01-2011-R131-BMW-G_650_GS_11_0135_,R13 (G 650 GS),R131,G 650 GS 11 (0135),0135,,BRA,2011-01,2015-07
0131-EUR-02-2011,"0131-EUR-02-2011-K18-BMW-C_600_Sport_0131,_0132_","K18 (C 600 Sport, C 650 Sport)",K18,"C 600 Sport (0131, 0132)",0131,,EUR,2011-02,2015-07
0132-USA-02-2011,"0132-USA-02-2011-K18-BMW-C_600_Sport_0131,_0132_","K18 (C 600 Sport, C 650 Sport)",K18,"C 600 Sport (0131, 0132)",0132,,USA,2011-02,2015-05
0B11-USA-06-2011,"0B11-USA-06-2011-K70-BMW-F_700_GS_0B01,_0B11_",K70 (F 700 GS),K70,"F 700 GS (0B01, 0B11)",0B11,,USA,2011-06,2016-06
0B12-USA-06-2011,"0B12-USA-06-2011-K72-BMW-F_800_GS_13_0B02,_0B12_","K72 (F 650 GS, F 800 GS)",K72,"F 800 GS 13 (0B02, 0B12)",0B12,,USA,2011-06,2016-07
0B01-EUR-07-2011,"0B01-EUR-07-2011-K70-BMW-F_700_GS_0B01,_0B11_",K70 (F 700 GS),K70,"F 700 GS (0B01, 0B11)",0B01,,EUR,2011-07,2016-07
0B02-EUR-07-2011,"0B02-EUR-07-2011-K72-BMW-F_800_GS_13_0B02,_0B12_","K72 (F 650 GS, F 800 GS)",K72,"F 800 GS 13 (0B02, 0B12)",0B02,,EUR,2011-07,2016-07
0D01-EUR-09-2011,"0D01-EUR-09-2011-K42-BMW-HP4_0D01,_0D11_",K42 (HP4),K42,"HP4 (0D01, 0D11)",0D01,,EUR,2011-09,2014-07
0D11-USA-09-2011,"0D11-USA-09-2011-K42-BMW-HP4_0D01,_0D11_",K42 (HP4),K42,"HP4 (0D01, 0D11)",0D11,,USA,2011-09,2014-07
0A01-EUR-10-2011,"0A01-EUR-10-2011-K50-BMW-R_1200_GS_0A01,_0A11_","K50 (R 1200 GS, R 1250 GS)",K50,"R 1200 GS (0A01, 0A11)",0A01,,EUR,2011-10,2016-12
0A11-USA-10-2011,"0A11-USA-10-2011-K50-BMW-R_1200_GS_0A01,_0A11_","K50 (R 1200 GS, R 1250 GS)",K50,"R 1200 GS (0A01, 0A11)",0A11,,USA,2011-10,2016-11
0B03-EUR-10-2011,"0B03-EUR-10-2011-K71-BMW-F_800_GT_0B03,_0B13_","K71 (F 800 S, F 800 ST, F 800 GT)",K71,"F 800 GT (0B03, 0B13)",0B03,,EUR,2011-10,2016-09
0B13-USA-10-2011,"0B13-USA-10-2011-K71-BMW-F_800_GT_0B03,_0B13_","K71 (F 800 S, F 800 ST, F 800 GT)",K71,"F 800 GT (0B03, 0B13)",0B13,,USA,2011-10,2016-04
0137-BRA-11-2011,0137-BRA-11-2011-R134-BMW-G_650_GS_Sertão_0137_,R13 (G 650 GS Sertão),R134,G 650 GS Sertão (0137),0137,,BRA,2011-11,2012-08
0B05-EUR-05-2012,"0B05-EUR-05-2012-K75-BMW-F_800_GS_Adv_0B05,_0B15_",K75 (F 800 GS Adventure),K75,"F 800 GS Adv. (0B05, 0B15)",0B05,,EUR,2012-05,2016-05
0B15-USA-05-2012,"0B15-USA-05-2012-K75-BMW-F_800_GS_Adv_0B05,_0B15_",K75 (F 800 GS Adventure),K75,"F 800 GS Adv. (0B05, 0B15)",0B15,,USA,2012-05,2016-03
0A02-EUR-09-2012,"0A02-EUR-09-2012-K51-BMW-R_1200_GS_Adv_0A02,_0A12_","K51 (R 1200 GS Adv., R 1250 GS Adv.)",K51,"R 1200 GS Adv. (0A02, 0A12)",0A02,,EUR,2012-09,2018-07
0A12-USA-09-2012,"0A12-USA-09-2012-K51-BMW-R_1200_GS_Adv_0A02,_0A12_","K51 (R 1200 GS Adv., R 1250 GS Adv.)",K51,"R 1200 GS Adv. (0A02, 0A12)",0A12,,USA,2012-09,2018-07
0B22-BRA-10-2012,0B22-BRA-10-2012-K72-BMW-F_800_GS_0B22_,"K72 (F 650 GS, F 800 GS)",K72,F 800 GS (0B22),0B22,,BRA,2012-10,2016-03
0A03-EUR-01-2013,"0A03-EUR-01-2013-K52-BMW-R_1200_RT_0A03,_0A13_","K52 (R 1200 RT, R 1250 RT)",K52,"R 1200 RT (0A03, 0A13)",0A03,,EUR,2013-01,2018-07
0A06-EUR-01-2013,"0A06-EUR-01-2013-K21-BMW-R_nineT_0A06,_0A16_",K21 (R nineT),K21,"R nineT (0A06, 0A16)",0A06,,EUR,2013-01,2016-08
0A13-USA-01-2013,"0A13-USA-01-2013-K52-BMW-R_1200_RT_0A03,_0A13_","K52 (R 1200 RT, R 1250 RT)",K52,"R 1200 RT (0A03, 0A13)",0A13,,USA,2013-01,2018-07
0A16-USA-01-2013,"0A16-USA-01-2013-K21-BMW-R_nineT_0A06,_0A16_",K21 (R nineT),K21,"R nineT (0A06, 0A16)",0A16,,USA,2013-01,2016-08
0D12-USA-02-2013,"0D12-USA-02-2013-K47-BMW-S_1000_R_0D02,_0D12_",K47 (S 1000 R),K47,"S 1000 R (0D02, 0D12)",0D12,,USA,2013-02,2016-07
0D02-EUR-03-2013,"0D02-EUR-03-2013-K47-BMW-S_1000_R_0D02,_0D12_",K47 (S 1000 R),K47,"S 1000 R (0D02, 0D12)",0D02,,EUR,2013-03,2016-07
0C03-EUR-04-2013,0C03-EUR-04-2013-K17-BMW-C_evolution_0C03_,K17 (C evolution),K17,C evolution (0C03),0C03,,EUR,2013-04,2020-07
0603-EUR-06-2013,"0603-EUR-06-2013-K48-BMW-K_1600_GTL_Excl_0603,_0613_","K48 (K 1600 GT, K 1600 GTL)",K48,"K 1600 GTL Excl. (0603, 0613)",0603,,EUR,2013-06,2016-08
0613-USA-06-2013,"0613-USA-06-2013-K48-BMW-K_1600_GTL_Excl_0603,_0613_","K48 (K 1600 GT, K 1600 GTL)",K48,"K 1600 GTL Excl. (0603, 0613)",0613,,USA,2013-06,2016-06
0B25-BRA-06-2013,0B25-BRA-06-2013-K75-BMW-F_800_GS_Adv_0B25_,K75 (F 800 GS Adventure),K75,F 800 GS Adv. (0B25),0B25,,BRA,2013-06,2016-03
0224-THA-09-2013,0224-THA-09-2013-K73-BMW-F_800_R_0224_,K73 (F 800 R),K73,F 800 R (0224),0224,,THA,2013-09,2014-08
0D10-EUR-10-2013,"0D10-EUR-10-2013-K46-BMW-S_1000_RR_15_0D10,0D21_",K46 (S 1000 RR),K46,"S 1000 RR 15 (0D10,0D21)",0D10,,EUR,2013-10,2016-07
0D21-USA-10-2013,"0D21-USA-10-2013-K46-BMW-S_1000_RR_15_0D10,0D21_",K46 (S 1000 RR),K46,"S 1000 RR 15 (0D10,0D21)",0D21,,USA,2013-10,2016-07
0A04-EUR-11-2013,"0A04-EUR-11-2013-K53-BMW-R_1200_R_0A04,_0A14_","K53 (R 1200 R, R 1250 R)",K53,"R 1200 R (0A04, 0A14)",0A04,,EUR,2013-11,2018-07
0A14-USA-11-2013,"0A14-USA-11-2013-K53-BMW-R_1200_R_0A04,_0A14_","K53 (R 1200 R, R 1250 R)",K53,"R 1200 R (0A04, 0A14)",0A14,,USA,2013-11,2018-07
0B04-EUR-11-2013,"0B04-EUR-11-2013-K73-BMW-F_800_R_15_0B04,_0B14_",K73 (F 800 R),K73,"F 800 R 15 (0B04, 0B14)",0B04,,EUR,2013-11,2016-09
0B14-USA-11-2013,"0B14-USA-11-2013-K73-BMW-F_800_R_15_0B04,_0B14_",K73 (F 800 R),K73,"F 800 R 15 (0B04, 0B14)",0B14,,USA,2013-11,2016-07
0B23-THA-02-2014,0B23-THA-02-2014-K72-BMW-F_800_GS_13_0B23_,"K72 (F 650 GS, F 800 GS)",K72,F 800 GS 13 (0B23),0B23,,THA,2014-02,2016-07
0D03-EUR-05-2014,"0D03-EUR-05-2014-K49-BMW-S_1000_XR_0D03,_0D13_",K49 (S 1000 XR),K49,"S 1000 XR (0D03, 0D13)",0D03,,EUR,2014-05,2019-11
0D13-USA-05-2014,"0D13-USA-05-2014-K49-BMW-S_1000_XR_0D03,_0D13_",K49 (S 1000 XR),K49,"S 1000 XR (0D03, 0D13)",0D13,,USA,2014-05,2019-05
0A05-EUR-06-2014,"0A05-EUR-06-2014-K54-BMW-R_1200_RS_0A05,_0A15_","K54 (R 1200 RS, R 1250 RS)",K54,"R 1200 RS (0A05, 0A15)",0A05,,EUR,2014-06,2018-07
0A15-USA-06-2014,"0A15-USA-06-2014-K54-BMW-R_1200_RS_0A05,_0A15_","K54 (R 1200 RS, R 1250 RS)",K54,"R 1200 RS (0A05, 0A15)",0A15,,USA,2014-06,2018-07
0A21-BRA-06-2014,0A21-BRA-06-2014-K50-BMW-R_1200_GS_0A21_,"K50 (R 1200 GS, R 1250 GS)",K50,R 1200 GS (0A21),0A21,,BRA,2014-06,2016-04
0A22-BRA-06-2014,0A22-BRA-06-2014-K51-BMW-R_1200_GS_Adv_0A22_,"K51 (R 1200 GS Adv., R 1250 GS Adv.)",K51,R 1200 GS Adv. (0A22),0A22,,BRA,2014-06,2016-04
0B24-BRA-11-2014,0B24-BRA-11-2014-K73-BMW-F_800_R_15_0B24_,K73 (F 800 R),K73,F 800 R 15 (0B24),0B24,,BRA,2014-11,2015-05
0C05-EUR-11-2014,"0C05-EUR-11-2014-K19-BMW-C_650_GT_16_0C05,_0C15_",K19 (C 650 GT),K19,"C 650 GT 16 (0C05, 0C15)",0C05,,EUR,2014-11,2020-08
0A31-THA-12-2014,0A31-THA-12-2014-K50-BMW-R_1200_GS_0A31_,"K50 (R 1200 GS, R 1250 GS)",K50,R 1200 GS (0A31),0A31,,THA,2014-12,2016-07
0B06-EUR-12-2014,"0B06-EUR-12-2014-K70-BMW-F_700_GS_17_0B06,_0B16_",K70 (F 700 GS),K70,"F 700 GS 17 (0B06, 0B16)",0B06,,EUR,2014-12,2017-12
0B07-EUR-12-2014,"0B07-EUR-12-2014-K72-BMW-F_800_GS_17_0B07,_0B17_","K72 (F 650 GS, F 800 GS)",K72,"F 800 GS 17 (0B07, 0B17)",0B07,,EUR,2014-12,2018-01
0B16-USA-12-2014,"0B16-USA-12-2014-K70-BMW-F_700_GS_17_0B06,_0B16_",K70 (F 700 GS),K70,"F 700 GS 17 (0B06, 0B16)",0B16,,USA,2014-12,2017-11
0B17-USA-12-2014,"0B17-USA-12-2014-K72-BMW-F_800_GS_17_0B07,_0B17_","K72 (F 650 GS, F 800 GS)",K72,"F 800 GS 17 (0B07, 0B17)",0B17,,USA,2014-12,2017-11
0B34-THA-12-2014,0B34-THA-12-2014-K73-BMW-F_800_R_15_0B34_,K73 (F 800 R),K73,F 800 R 15 (0B34),0B34,,THA,2014-12,2016-08
0C04-EUR-12-2014,"0C04-EUR-12-2014-K18-BMW-C_650_Sport_16_0C04,_0C14_","K18 (C 600 Sport, C 650 Sport)",K18,"C 650 Sport 16 (0C04, 0C14)",0C04,,EUR,2014-12,2020-08
0C14-USA-12-2014,"0C14-USA-12-2014-K18-BMW-C_650_Sport_16_0C04,_0C14_","K18 (C 600 Sport, C 650 Sport)",K18,"C 650 Sport 16 (0C04, 0C14)",0C14,,USA,2014-12,2020-07
0C15-USA-12-2014,"0C15-USA-12-2014-K19-BMW-C_650_GT_16_0C05,_0C15_",K19 (C 650 GT),K19,"C 650 GT 16 (0C05, 0C15)",0C15,,USA,2014-12,2020-07
0A32-THA-02-2015,0A32-THA-02-2015-K51-BMW-R_1200_GS_Adv_0A32_,"K51 (R 1200 GS Adv., R 1250 GS Adv.)",K51,R 1200 GS Adv. (0A32),0A32,,THA,2015-02,2018-08
0B31-THA-02-2015,0B31-THA-02-2015-K70-BMW-F_700_GS_0B31_,K70 (F 700 GS),K70,F 700 GS (0B31),0B31,,THA,2015-02,2016-04
0D30-BRA-02-2015,0D30-BRA-02-2015-K46-BMW-S_1000_RR_15_0D30_,K46 (S 1000 RR),K46,S 1000 RR 15 (0D30),0D30,,BRA,2015-02,2016-04
0B33-THA-03-2015,0B33-THA-03-2015-K71-BMW-F_800_GT_15_0B33_,"K71 (F 800 S, F 800 ST, F 800 GT)",K71,F 800 GT 15 (0B33),0B33,,THA,2015-03,2015-06
0D22-BRA-03-2015,0D22-BRA-03-2015-K47-BMW-S_1000_R_0D22_,K47 (S 1000 R),K47,S 1000 R (0D22),0D22,,BRA,2015-03,2016-05
0D40-THA-04-2015,0D40-THA-04-2015-K46-BMW-S_1000_RR_15_0D40_,K46 (S 1000 RR),K46,S 1000 RR 15 (0D40),0D40,,THA,2015-04,2016-07
0D32-THA-05-2015,0D32-THA-05-2015-K47-BMW-S_1000_R_0D32_,K47 (S 1000 R),K47,S 1000 R (0D32),0D32,,THA,2015-05,2016-09
0D23-BRA-06-2015,0D23-BRA-06-2015-K49-BMW-S_1000_XR_0D23_,K49 (S 1000 XR),K49,S 1000 XR (0D23),0D23,,BRA,2015-06,2016-05
0B55-EUR-07-2015,"0B55-EUR-07-2015-K75-BMW-F_800_GS_Adv_16_0B55,_0B65_",K75 (F 800 GS Adventure),K75,"F 800 GS Adv. 16 (0B55, 0B65)",0B55,,EUR,2015-07,2017-12
0B65-USA-07-2015,"0B65-USA-07-2015-K75-BMW-F_800_GS_Adv_16_0B55,_0B65_",K75 (F 800 GS Adventure),K75,"F 800 GS Adv. 16 (0B55, 0B65)",0B65,,USA,2015-07,2017-12
0A61-USA-09-2015,"0A61-USA-09-2015-K50-BMW-R_1200_GS_17_0A51,_0A61_","K50 (R 1200 GS, R 1250 GS)",K50,"R 1200 GS 17 (0A51, 0A61)",0A61,,USA,2015-09,2018-07
0D33-THA-09-2015,0D33-THA-09-2015-K49-BMW-S_1000_XR_0D33_,K49 (S 1000 XR),K49,S 1000 XR (0D33),0D33,,THA,2015-09,2019-05
0D50-EUR-09-2015,"0D50-EUR-09-2015-K46-BMW-S_1000_RR_17_0D50,_0D60_",K46 (S 1000 RR),K46,"S 1000 RR 17 (0D50, 0D60)",0D50,,EUR,2015-09,2018-11
0D60-USA-09-2015,"0D60-USA-09-2015-K46-BMW-S_1000_RR_17_0D50,_0D60_",K46 (S 1000 RR),K46,"S 1000 RR 17 (0D50, 0D60)",0D60,,USA,2015-09,2018-11
0F01-EUR-09-2015,"0F01-EUR-09-2015-K48-BMW-K_1600_GT_17_0F01,_0F11_","K48 (K 1600 GT, K 1600 GTL)",K48,"K 1600 GT 17 (0F01, 0F11)",0F01,,EUR,2015-09,2021-07
0F02-EUR-09-2015,"0F02-EUR-09-2015-K48-BMW-K_1600_GTL_17_0F02,_0F12_","K48 (K 1600 GT, K 1600 GTL)",K48,"K 1600 GTL 17 (0F02, 0F12)",0F02,,EUR,2015-09,2021-07
0F11-USA-09-2015,"0F11-USA-09-2015-K48-BMW-K_1600_GT_17_0F01,_0F11_","K48 (K 1600 GT, K 1600 GTL)",K48,"K 1600 GT 17 (0F01, 0F11)",0F11,,USA,2015-09,2020-05
0J31-EUR-09-2015,"0J31-EUR-09-2015-K23-BMW-R_nineT_Scrambler_0J31,_0J33_",K23 (R nineT Scrambler),K23,"R nineT Scrambler (0J31, 0J33)",0J31,,EUR,2015-09,2020-07
0J33-USA-09-2015,"0J33-USA-09-2015-K23-BMW-R_nineT_Scrambler_0J31,_0J33_",K23 (R nineT Scrambler),K23,"R nineT Scrambler (0J31, 0J33)",0J33,,USA,2015-09,2020-07
0C23-USA-10-2015,0C23-USA-10-2015-K17-BMW-C_evolution_0C23_,K17 (C evolution),K17,C evolution (0C23),0C23,,USA,2015-10,2018-05
0F12-USA-10-2015,"0F12-USA-10-2015-K48-BMW-K_1600_GTL_17_0F02,_0F12_","K48 (K 1600 GT, K 1600 GTL)",K48,"K 1600 GTL 17 (0F02, 0F12)",0F12,,USA,2015-10,2021-06
0J01-EUR-10-2015,"0J01-EUR-10-2015-K21-BMW-R_nineT_16_0J01,_0J03_",K21 (R nineT),K21,"R nineT 16 (0J01, 0J03)",0J01,,EUR,2015-10,2020-07
0J03-USA-10-2015,"0J03-USA-10-2015-K21-BMW-R_nineT_16_0J01,_0J03_",K21 (R nineT),K21,"R nineT 16 (0J01, 0J03)",0J03,,USA,2015-10,2020-07
0A51-EUR-11-2015,"0A51-EUR-11-2015-K50-BMW-R_1200_GS_17_0A51,_0A61_","K50 (R 1200 GS, R 1250 GS)",K50,"R 1200 GS 17 (0A51, 0A61)",0A51,,EUR,2015-11,2018-07
0B53-EUR-11-2015,"0B53-EUR-11-2015-K71-BMW-F_800_GT_17_0B53,_0B63_","K71 (F 800 S, F 800 ST, F 800 GT)",K71,"F 800 GT 17 (0B53, 0B63)",0B53,,EUR,2015-11,2019-09
0B54-EUR-11-2015,"0B54-EUR-11-2015-K73-BMW-F_800_R_17_0B54,_0B64_",K73 (F 800 R),K73,"F 800 R 17 (0B54, 0B64)",0B54,,EUR,2015-11,2019-09
0B63-USA-11-2015,"0B63-USA-11-2015-K71-BMW-F_800_GT_17_0B53,_0B63_","K71 (F 800 S, F 800 ST, F 800 GT)",K71,"F 800 GT 17 (0B53, 0B63)",0B63,,USA,2015-11,2017-12
0B64-USA-11-2015,"0B64-USA-11-2015-K73-BMW-F_800_R_17_0B54,_0B64_",K73 (F 800 R),K73,"F 800 R 17 (0B54, 0B64)",0B64,,USA,2015-11,2018-06
0J11-EUR-12-2015,"0J11-EUR-12-2015-K22-BMW-R_nineT_Pure_0J11,_0J13_",K22 (R nineT Pure),K22,"R nineT Pure (0J11, 0J13)",0J11,,EUR,2015-12,2020-07
0J13-USA-12-2015,"0J13-USA-12-2015-K22-BMW-R_nineT_Pure_0J11,_0J13_",K22 (R nineT Pure),K22,"R nineT Pure (0J11, 0J13)",0J13,,USA,2015-12,2020-07
0J21-EUR-12-2015,"0J21-EUR-12-2015-K32-BMW-R_nineT_Racer_0J21,_0J23_",K32 (R nineT Racer),K32,"R nineT Racer (0J21, 0J23)",0J21,,EUR,2015-12,2019-07
0D52-EUR-01-2016,"0D52-EUR-01-2016-K47-BMW-S_1000_R_17_0D52,_0D62_",K47 (S 1000 R),K47,"S 1000 R 17 (0D52, 0D62)",0D52,,EUR,2016-01,2020-11
0D62-USA-01-2016,"0D62-USA-01-2016-K47-BMW-S_1000_R_17_0D52,_0D62_",K47 (S 1000 R),K47,"S 1000 R 17 (0D52, 0D62)",0D62,,USA,2016-01,2020-11
0J23-USA-01-2016,"0J23-USA-01-2016-K32-BMW-R_nineT_Racer_0J21,_0J23_",K32 (R nineT Racer),K32,"R nineT Racer (0J21, 0J23)",0J23,,USA,2016-01,2019-06
0J41-EUR-03-2016,"0J41-EUR-03-2016-K33-BMW-R_nineT_Urban_G_S_0J41,_0J43_",K33 (R nineT Urban G/S),K33,"R nineT Urban G/S (0J41, 0J43)",0J41,,EUR,2016-03,2020-07
0J43-USA-03-2016,"0J43-USA-03-2016-K33-BMW-R_nineT_Urban_G_S_0J41,_0J43_",K33 (R nineT Urban G/S),K33,"R nineT Urban G/S (0J41, 0J43)",0J43,,USA,2016-03,2019-11
0D80-THA-04-2016,0D80-THA-04-2016-K46-BMW-S_1000_RR_17_0D80_,K46 (S 1000 RR),K46,S 1000 RR 17 (0D80),0D80,,THA,2016-04,2018-11
0G01-EUR-04-2016,"0G01-EUR-04-2016-K03-BMW-G_310_R_0G01,_0G11_",K03 (G 310 R),K03,"G 310 R (0G01, 0G11)",0G01,,EUR,2016-04,2020-09
0A41-BRA-06-2016,0A41-BRA-06-2016-K50-BMW-R_1200_GS_0A41_,"K50 (R 1200 GS, R 1250 GS)",K50,R 1200 GS (0A41),0A41,,BRA,2016-06,2016-07
0A42-BRA-06-2016,0A42-BRA-06-2016-K51-BMW-R_1200_GS_Adv_0A42_,"K51 (R 1200 GS Adv., R 1250 GS Adv.)",K51,R 1200 GS Adv. (0A42),0A42,,BRA,2016-06,2018-08
0B21-BRA-06-2016,0B21-BRA-06-2016-K70-BMW-F_700_GS_0B21_,K70 (F 700 GS),K70,F 700 GS (0B21),0B21,,BRA,2016-06,2016-07
0B32-BRA-06-2016,0B32-BRA-06-2016-K72-BMW-F_800_GS_13_0B32_,"K72 (F 650 GS, F 800 GS)",K72,F 800 GS 13 (0B32),0B32,,BRA,2016-06,2016-07
0B44-BRA-07-2016,0B44-BRA-07-2016-K73-BMW-F_800_R_15_0B44_,K73 (F 800 R),K73,F 800 R 15 (0B44),0B44,,BRA,2016-07,2016-10
0D90-BRA-07-2016,0D90-BRA-07-2016-K46-BMW-S_1000_RR_15_0D90_,K46 (S 1000 RR),K46,S 1000 RR 15 (0D90),0D90,,BRA,2016-07,2016-07
0D42-BRA-08-2016,0D42-BRA-08-2016-K47-BMW-S_1000_R_0D42_,K47 (S 1000 R),K47,S 1000 R (0D42),0D42,,BRA,2016-08,2016-09
0D43-BRA-08-2016,0D43-BRA-08-2016-K49-BMW-S_1000_XR_0D43_,K49 (S 1000 XR),K49,S 1000 XR (0D43),0D43,,BRA,2016-08,2019-09
0G02-EUR-08-2016,"0G02-EUR-08-2016-K02-BMW-G_310_GS_0G02,_0G12_",K02 (G 310 GS),K02,"G 310 GS (0G02, 0G12)",0G02,,EUR,2016-08,2020-09
0G12-USA-08-2016,"0G12-USA-08-2016-K02-BMW-G_310_GS_0G02,_0G12_",K02 (G 310 GS),K02,"G 310 GS (0G02, 0G12)",0G12,,USA,2016-08,2020-08
0G11-USA-09-2016,"0G11-USA-09-2016-K03-BMW-G_310_R_0G01,_0G11_",K03 (G 310 R),K03,"G 310 R (0G01, 0G11)",0G11,,USA,2016-09,2020-08
0G21-BRA-09-2016,0G21-BRA-09-2016-K03-BMW-G_310_R_0G21_,K03 (G 310 R),K03,G 310 R (0G21),0G21,,BRA,2016-09,2020-05
0B08-EUR-10-2016,"0B08-EUR-10-2016-K80-BMW-F_750_GS_0B08,_0B18_","K80 (F 750 GS, F 800 GS)",K80,"F 750 GS (0B08, 0B18)",0B08,,EUR,2016-10,2023-10
0B09-EUR-10-2016,"0B09-EUR-10-2016-K81-BMW-F_850_GS_0B09,_0B19_","K81 (F 850 GS, F 900 GS)",K81,"F 850 GS (0B09, 0B19)",0B09,,EUR,2016-10,2023-10
0B18-USA-10-2016,"0B18-USA-10-2016-K80-BMW-F_750_GS_0B08,_0B18_","K80 (F 750 GS, F 800 GS)",K80,"F 750 GS (0B08, 0B18)",0B18,,USA,2016-10,2023-10
0B19-USA-10-2016,"0B19-USA-10-2016-K81-BMW-F_850_GS_0B09,_0B19_","K81 (F 850 GS, F 900 GS)",K81,"F 850 GS (0B09, 0B19)",0B19,,USA,2016-10,2023-09
0B75-BRA-10-2016,0B75-BRA-10-2016-K75-BMW-F_800_GS_Adv_16_0B75_,K75 (F 800 GS Adventure),K75,F 800 GS Adv. 16 (0B75),0B75,,BRA,2016-10,2017-12
0B26-BRA-11-2016,0B26-BRA-11-2016-K70-BMW-F_700_GS_17_0B26_,K70 (F 700 GS),K70,F 700 GS 17 (0B26),0B26,,BRA,2016-11,2017-09
0B27-BRA-11-2016,0B27-BRA-11-2016-K72-BMW-F_800_GS_17_0B27_,"K72 (F 650 GS, F 800 GS)",K72,F 800 GS 17 (0B27),0B27,,BRA,2016-11,2017-11
0A71-BRA-01-2017,0A71-BRA-01-2017-K50-BMW-R_1200_GS_17_0A71_,"K50 (R 1200 GS, R 1250 GS)",K50,R 1200 GS 17 (0A71),0A71,,BRA,2017-01,2018-07
0B36-THA-01-2017,0B36-THA-01-2017-K70-BMW-F_700_GS_17_0B36_,K70 (F 700 GS),K70,F 700 GS 17 (0B36),0B36,,THA,2017-01,2017-03
0B37-THA-01-2017,0B37-THA-01-2017-K72-BMW-F_800_GS_17_0B37_,"K72 (F 650 GS, F 800 GS)",K72,F 800 GS 17 (0B37),0B37,,THA,2017-01,2017-07
0D70-BRA-01-2017,0D70-BRA-01-2017-K46-BMW-S_1000_RR_17_0D70_,K46 (S 1000 RR),K46,S 1000 RR 17 (0D70),0D70,,BRA,2017-01,2018-11
0F51-EUR-01-2017,"0F51-EUR-01-2017-K61-BMW-K_1600_Bagger_0F51,_0F53_",K61 (K 1600 Bagger),K61,"K 1600 Bagger (0F51, 0F53)",0F51,,EUR,2017-01,2021-07
0F53-USA-01-2017,"0F53-USA-01-2017-K61-BMW-K_1600_Bagger_0F51,_0F53_",K61 (K 1600 Bagger),K61,"K 1600 Bagger (0F51, 0F53)",0F53,,USA,2017-01,2021-07
0E31-EUR-02-2017,"0E31-EUR-02-2017-K60-BMW-HP4Race_0E31,_0E33_",K60 (HP4Race),K60,"HP4Race (0E31, 0E33)",0E31,,EUR,2017-02,2018-05
0D72-BRA-03-2017,0D72-BRA-03-2017-K47-BMW-S_1000_R_17_0D72_,K47 (S 1000 R),K47,S 1000 R 17 (0D72),0D72,,BRA,2017-03,2020-11
0A81-THA-04-2017,0A81-THA-04-2017-K50-BMW-R_1200_GS_17_0A81_,"K50 (R 1200 GS, R 1250 GS)",K50,R 1200 GS 17 (0A81),0A81,,THA,2017-04,2018-07
0D82-THA-04-2017,0D82-THA-04-2017-K47-BMW-S_1000_R_17_0D82_,K47 (S 1000 R),K47,S 1000 R 17 (0D82),0D82,,THA,2017-04,2020-05
0E33-USA-05-2017,"0E33-USA-05-2017-K60-BMW-HP4Race_0E31,_0E33_",K60 (HP4Race),K60,"HP4Race (0E31, 0E33)",0E33,,USA,2017-05,2018-05
0B84-THA-06-2017,0B84-THA-06-2017-K73-BMW-F_800_R_16_0B84_,K73 (F 800 R),K73,F 800 R 16 (0B84),0B84,,THA,2017-06,2017-10
0K01-EUR-06-2017,"0K01-EUR-06-2017-K82-BMW-F_850_GS_Adv_0K01,_0K03_","K82 (F 850 GS Adv., F 900 GS Adv.)",K82,"F 850 GS Adv. (0K01, 0K03)",0K01,,EUR,2017-06,2023-10
0K03-USA-06-2017,"0K03-USA-06-2017-K82-BMW-F_850_GS_Adv_0K01,_0K03_","K82 (F 850 GS Adv., F 900 GS Adv.)",K82,"F 850 GS Adv. (0K01, 0K03)",0K03,,USA,2017-06,2023-10
0G22-BRA-07-2017,0G22-BRA-07-2017-K02-BMW-G_310_GS_0G22_,K02 (G 310 GS),K02,G 310 GS (0G22),0G22,,BRA,2017-07,2020-06
0J91-EUR-09-2017,"0J91-EUR-09-2017-K50-BMW-R_1250_GS_19_0J91,_0J93_","K50 (R 1200 GS, R 1250 GS)",K50,"R 1250 GS 19 (0J91, 0J93)",0J91,,EUR,2017-09,2020-08
0J93-USA-09-2017,"0J93-USA-09-2017-K50-BMW-R_1250_GS_19_0J91,_0J93_","K50 (R 1200 GS, R 1250 GS)",K50,"R 1250 GS 19 (0J91, 0J93)",0J93,,USA,2017-09,2020-08
0J51-EUR-10-2017,"0J51-EUR-10-2017-K51-BMW-R_1250_GS_Adv_0J51,_0J53_","K51 (R 1200 GS Adv., R 1250 GS Adv.)",K51,"R 1250 GS Adv. (0J51, 0J53)",0J51,,EUR,2017-10,2020-08
0J53-USA-10-2017,"0J53-USA-10-2017-K51-BMW-R_1250_GS_Adv_0J51,_0J53_","K51 (R 1200 GS Adv., R 1250 GS Adv.)",K51,"R 1250 GS Adv. (0J51, 0J53)",0J53,,USA,2017-10,2020-08
0J61-EUR-10-2017,"0J61-EUR-10-2017-K52-BMW-R_1250_RT_19_0J61,_0J63_","K52 (R 1200 RT, R 1250 RT)",K52,"R 1250 RT 19 (0J61, 0J63)",0J61,,EUR,2017-10,2020-09
0J63-USA-10-2017,"0J63-USA-10-2017-K52-BMW-R_1250_RT_19_0J61,_0J63_","K52 (R 1200 RT, R 1250 RT)",K52,"R 1250 RT 19 (0J61, 0J63)",0J63,,USA,2017-10,2020-09
0J71-EUR-11-2017,"0J71-EUR-11-2017-K53-BMW-R_1250_R_19_0J71,_0J73_","K53 (R 1200 R, R 1250 R)",K53,"R 1250 R 19 (0J71, 0J73)",0J71,,EUR,2017-11,2022-09
0J73-USA-11-2017,"0J73-USA-11-2017-K53-BMW-R_1250_R_19_0J71,_0J73_","K53 (R 1200 R, R 1250 R)",K53,"R 1250 R 19 (0J71, 0J73)",0J73,,USA,2017-11,2022-09
0K04-THA-01-2018,0K04-THA-01-2018-K82-BMW-F_850_GS_Adv_0K04_,"K82 (F 850 GS Adv., F 900 GS Adv.)",K82,F 850 GS Adv. (0K04),0K04,,THA,2018-01,2023-10
0B28-BRA-02-2018,0B28-BRA-02-2018-K80-BMW-F_750_GS_0B28_,"K80 (F 750 GS, F 800 GS)",K80,F 750 GS (0B28),0B28,,BRA,2018-02,2023-10
0B29-BRA-02-2018,0B29-BRA-02-2018-K81-BMW-F_850_GS_0B29_,"K81 (F 850 GS, F 900 GS)",K81,F 850 GS (0B29),0B29,,BRA,2018-02,2023-10
0E21-EUR-02-2018,"0E21-EUR-02-2018-K67-BMW-S_1000_RR_19_0E21,_0E23_",K67 (S 1000 RR),K67,"S 1000 RR 19 (0E21, 0E23)",0E21,,EUR,2018-02,2022-08
0E23-USA-02-2018,"0E23-USA-02-2018-K67-BMW-S_1000_RR_19_0E21,_0E23_",K67 (S 1000 RR),K67,"S 1000 RR 19 (0E21, 0E23)",0E23,,USA,2018-02,2022-08
0C09-EUR-03-2018,"0C09-EUR-03-2018-K09-BMW-C_400_X_0C09,_0C19_",K09 (C 400 X),K09,"C 400 X (0C09, 0C19)",0C09,,EUR,2018-03,2020-11
0J81-EUR-03-2018,"0J81-EUR-03-2018-K54-BMW-R_1250_RS_19_0J81,_0J83_","K54 (R 1200 RS, R 1250 RS)",K54,"R 1250 RS 19 (0J81, 0J83)",0J81,,EUR,2018-03,2022-09
0J83-USA-03-2018,"0J83-USA-03-2018-K54-BMW-R_1250_RS_19_0J81,_0J83_","K54 (R 1200 RS, R 1250 RS)",K54,"R 1250 RS 19 (0J81, 0J83)",0J83,,USA,2018-03,2022-09
0B38-THA-04-2018,0B38-THA-04-2018-K80-BMW-F_750_GS_0B38_,"K80 (F 750 GS, F 800 GS)",K80,F 750 GS (0B38),0B38,,THA,2018-04,2023-09
0B39-THA-04-2018,0B39-THA-04-2018-K81-BMW-F_850_GS_0B39_,"K81 (F 850 GS, F 900 GS)",K81,F 850 GS (0B39),0B39,,THA,2018-04,2023-09
0C06-EUR-04-2018,"0C06-EUR-04-2018-K08-BMW-C_400_GT_0C06,_0C16_",K08 (C 400 GT),K08,"C 400 GT (0C06, 0C16)",0C06,,EUR,2018-04,2020-11
0C16-USA-04-2018,"0C16-USA-04-2018-K08-BMW-C_400_GT_0C06,_0C16_",K08 (C 400 GT),K08,"C 400 GT (0C06, 0C16)",0C16,,USA,2018-04,2020-10
0C19-USA-04-2018,"0C19-USA-04-2018-K09-BMW-C_400_X_0C09,_0C19_",K09 (C 400 X),K09,"C 400 X (0C09, 0C19)",0C19,,USA,2018-04,2020-10
0J54-THA-06-2018,0J54-THA-06-2018-K51-BMW-R_1250_GS_Adv_19_0J54_,"K51 (R 1200 GS Adv., R 1250 GS Adv.)",K51,R 1250 GS Adv. 19 (0J54),0J54,,THA,2018-06,2020-08
0J94-THA-06-2018,0J94-THA-06-2018-K50-BMW-R_1250_GS_19_0J94_,"K50 (R 1200 GS, R 1250 GS)",K50,R 1250 GS 19 (0J94),0J94,,THA,2018-06,2020-08
0K00-BRA-10-2018,0K00-BRA-10-2018-K82-BMW-F_850_GS_Adv_0K00_,"K82 (F 850 GS Adv., F 900 GS Adv.)",K82,F 850 GS Adv. (0K00),0K00,,BRA,2018-10,2023-10
0J50-BRA-11-2018,0J50-BRA-11-2018-K51-BMW-R_1250_GS_Adv_19_0J50_,"K51 (R 1200 GS Adv., R 1250 GS Adv.)",K51,R 1250 GS Adv. 19 (0J50),0J50,,BRA,2018-11,2020-08
0J90-BRA-11-2018,0J90-BRA-11-2018-K50-BMW-R_1250_GS_19_0J90_,"K50 (R 1200 GS, R 1250 GS)",K50,R 1250 GS 19 (0J90),0J90,,BRA,2018-11,2020-08
0K11-EUR-11-2018,"0K11-EUR-11-2018-K83-BMW-F_900_R_0K11,_0K13_",K83 (F 900 R),K83,"F 900 R (0K11, 0K13)",0K11,,EUR,2018-11,2024-09
0K13-USA-11-2018,"0K13-USA-11-2018-K83-BMW-F_900_R_0K11,_0K13_",K83 (F 900 R),K83,"F 900 R (0K11, 0K13)",0K13,,USA,2018-11,2024-08
0K21-EUR-11-2018,"0K21-EUR-11-2018-K84-BMW-F_900_XR_0K21,_0K23_",K84 (F 900 XR),K84,"F 900 XR (0K21, 0K23)",0K21,,EUR,2018-11,2024-09
0K23-USA-11-2018,"0K23-USA-11-2018-K84-BMW-F_900_XR_0K21,_0K23_",K84 (F 900 XR),K84,"F 900 XR (0K21, 0K23)",0K23,,USA,2018-11,2024-04
0E41-EUR-12-2018,"0E41-EUR-12-2018-K69-BMW-S_1000_XR_0E41,_0E43_",K69 (S 1000 XR),K69,"S 1000 XR (0E41, 0E43)",0E41,,EUR,2018-12,2023-11
0E43-USA-12-2018,"0E43-USA-12-2018-K69-BMW-S_1000_XR_0E41,_0E43_",K69 (S 1000 XR),K69,"S 1000 XR (0E41, 0E43)",0E43,,USA,2018-12,2023-11
0K31-EUR-12-2018,0K31-EUR-12-2018-K83-BMW-F_900_R_A2_0K31_,K83 (F 900 R),K83,F 900 R A2 (0K31),0K31,,EUR,2018-12,2024-09
0K41-EUR-12-2018,0K41-EUR-12-2018-K84-BMW-F_900_XR_A2_0K41_,K84 (F 900 XR),K84,F 900 XR A2 (0K41),0K41,,EUR,2018-12,2024-09
0E20-BRA-04-2019,0E20-BRA-04-2019-K67-BMW-S_1000_RR_19_0E20_,K67 (S 1000 RR),K67,S 1000 RR 19 (0E20),0E20,,BRA,2019-04,2022-08
0E24-THA-04-2019,0E24-THA-04-2019-K67-BMW-S_1000_RR_19_0E24_,K67 (S 1000 RR),K67,S 1000 RR 19 (0E24),0E24,,THA,2019-04,2021-02
0K14-THA-06-2019,0K14-THA-06-2019-K83-BMW-F_900_R_0K14_,K83 (F 900 R),K83,F 900 R (0K14),0K14,,THA,2019-06,2023-12
0K24-THA-06-2019,0K24-THA-06-2019-K84-BMW-F_900_XR_0K24_,K84 (F 900 XR),K84,F 900 XR (0K24),0K24,,THA,2019-06,2024-09
0L11-EUR-06-2019,"0L11-EUR-06-2019-K34-BMW-R_18_0L11,_0L13_","K34 (R 18, R 18 Classic)",K34,"R 18 (0L11, 0L13)",0L11,,EUR,2019-06,2024-07
0L21-EUR-06-2019,"0L21-EUR-06-2019-K34-BMW-R_18_Classic_0L21,_0L23_","K34 (R 18, R 18 Classic)",K34,"R 18 Classic (0L21, 0L23)",0L21,,EUR,2019-06,2024-07
0L23-USA-07-2019,"0L23-USA-07-2019-K34-BMW-R_18_Classic_0L21,_0L23_","K34 (R 18, R 18 Classic)",K34,"R 18 Classic (0L21, 0L23)",0L23,,USA,2019-07,2024-05
0L13-USA-08-2019,"0L13-USA-08-2019-K34-BMW-R_18_0L11,_0L13_","K34 (R 18, R 18 Classic)",K34,"R 18 (0L11, 0L13)",0L13,,USA,2019-08,2024-07
0L51-EUR-09-2019,"0L51-EUR-09-2019-K21-BMW-R_nineT_20_0L51,0L53_",K21 (R nineT),K21,"R nineT 20 (0L51,0L53)",0L51,,EUR,2019-09,2023-09
0L53-USA-09-2019,"0L53-USA-09-2019-K21-BMW-R_nineT_20_0L51,0L53_",K21 (R nineT),K21,"R nineT 20 (0L51,0L53)",0L53,,USA,2019-09,2023-09
0L61-EUR-09-2019,"0L61-EUR-09-2019-K22-BMW-R_nineT_Pure_20_0L61,0L63_",K22 (R nineT Pure),K22,"R nineT Pure 20 (0L61,0L63)",0L61,,EUR,2019-09,2023-09
0L63-USA-09-2019,"0L63-USA-09-2019-K22-BMW-R_nineT_Pure_20_0L61,0L63_",K22 (R nineT Pure),K22,"R nineT Pure 20 (0L61,0L63)",0L63,,USA,2019-09,2023-08
0L71-EUR-09-2019,"0L71-EUR-09-2019-K23-BMW-R_nineT_20_0L71,0L73_",K23 (R nineT Scrambler),K23,"R nineT 20 (0L71,0L73)",0L71,,EUR,2019-09,2023-09
0L91-EUR-09-2019,"0L91-EUR-09-2019-K33-BMW-R_nineT_Urban_20_0L91,0L93_",K33 (R nineT Urban G/S),K33,"R nineT Urban 20 (0L91,0L93)",0L91,,EUR,2019-09,2023-09
0L93-USA-09-2019,"0L93-USA-09-2019-K33-BMW-R_nineT_Urban_20_0L91,0L93_",K33 (R nineT Urban G/S),K33,"R nineT Urban 20 (0L91,0L93)",0L93,,USA,2019-09,2023-09
0G31-EUR-10-2019,"0G31-EUR-10-2019-K02-BMW-G_310_GS_20_0G31,_0G33_",K02 (G 310 GS),K02,"G 310 GS 20 (0G31, 0G33)",0G31,,EUR,2019-10,2025-03
0G33-USA-10-2019,"0G33-USA-10-2019-K02-BMW-G_310_GS_20_0G31,_0G33_",K02 (G 310 GS),K02,"G 310 GS 20 (0G31, 0G33)",0G33,,USA,2019-10,2024-06
0G41-EUR-10-2019,"0G41-EUR-10-2019-K03-BMW-G_310_R_20_0G41,_0G43_",K03 (G 310 R),K03,"G 310 R 20 (0G41, 0G43)",0G41,,EUR,2019-10,2025-02
0G43-USA-10-2019,"0G43-USA-10-2019-K03-BMW-G_310_R_20_0G41,_0G43_",K03 (G 310 R),K03,"G 310 R 20 (0G41, 0G43)",0G43,,USA,2019-10,2024-06
0L01-EUR-11-2019,"0L01-EUR-11-2019-K52-BMW-R_1250_RT_20_0L01,_0L03_","K52 (R 1200 RT, R 1250 RT)",K52,"R 1250 RT 20 (0L01, 0L03)",0L01,,EUR,2019-11,2024-11
0L03-USA-11-2019,"0L03-USA-11-2019-K52-BMW-R_1250_RT_20_0L01,_0L03_","K52 (R 1200 RT, R 1250 RT)",K52,"R 1250 RT 20 (0L01, 0L03)",0L03,,USA,2019-11,2024-12
0M01-EUR-11-2019,"0M01-EUR-11-2019-K50-BMW-R_1250_GS_21_0M01,_0M03_","K50 (R 1200 GS, R 1250 GS)",K50,"R 1250 GS 21 (0M01, 0M03)",0M01,,EUR,2019-11,2023-07
0M03-USA-11-2019,"0M03-USA-11-2019-K50-BMW-R_1250_GS_21_0M01,_0M03_","K50 (R 1200 GS, R 1250 GS)",K50,"R 1250 GS 21 (0M01, 0M03)",0M03,,USA,2019-11,2023-07
0M11-EUR-11-2019,"0M11-EUR-11-2019-K51-BMW-R_1250_GS_Adv_21_0M11,_0M13_","K51 (R 1200 GS Adv., R 1250 GS Adv.)",K51,"R 1250 GS Adv. 21 (0M11, 0M13)",0M11,,EUR,2019-11,2024-05
0M13-USA-11-2019,"0M13-USA-11-2019-K51-BMW-R_1250_GS_Adv_21_0M11,_0M13_","K51 (R 1200 GS Adv., R 1250 GS Adv.)",K51,"R 1250 GS Adv. 21 (0M11, 0M13)",0M13,,USA,2019-11,2024-05
0E51-EUR-03-2020,"0E51-EUR-03-2020-K63-BMW-S_1000_R_0E51,_0E53_",K63 (S 1000 R),K63,"S 1000 R (0E51, 0E53)",0E51,,EUR,2020-03,2024-11
0E71-EUR-03-2020,"0E71-EUR-03-2020-K66-BMW-M_1000_RR_0E71,0E73_",K66 (M 1000 RR),K66,"M 1000 RR (0E71,0E73)",0E71,,EUR,2020-03,2022-11
0E73-USA-03-2020,"0E73-USA-03-2020-K66-BMW-M_1000_RR_0E71,0E73_",K66 (M 1000 RR),K66,"M 1000 RR (0E71,0E73)",0E73,,USA,2020-03,2022-11
0L31-EUR-03-2020,"0L31-EUR-03-2020-K35-BMW-R_18_B_0L31,_0L33_","K35 (R 18 B, R 18 Transcontinental)",K35,"R 18 B (0L31, 0L33)",0L31,,EUR,2020-03,2025-02
0L33-USA-03-2020,"0L33-USA-03-2020-K35-BMW-R_18_B_0L31,_0L33_","K35 (R 18 B, R 18 Transcontinental)",K35,"R 18 B (0L31, 0L33)",0L33,,USA,2020-03,2025-02
0L41-EUR-03-2020,"0L41-EUR-03-2020-K35-BMW-R_18_Transcont_0L41,_0L43_","K35 (R 18 B, R 18 Transcontinental)",K35,"R 18 Transcont. (0L41, 0L43)",0L41,,EUR,2020-03,2025-02
0L43-USA-03-2020,"0L43-USA-03-2020-K35-BMW-R_18_Transcont_0L41,_0L43_","K35 (R 18 B, R 18 Transcontinental)",K35,"R 18 Transcont. (0L41, 0L43)",0L43,,USA,2020-03,2025-02
0C31-EUR-04-2020,"0C31-EUR-04-2020-K09-BMW-C_400_X_21_0C31,_0C33_",K09 (C 400 X),K09,"C 400 X 21 (0C31, 0C33)",0C31,,EUR,2020-04,2024-07
0C33-USA-04-2020,"0C33-USA-04-2020-K09-BMW-C_400_X_21_0C31,_0C33_",K09 (C 400 X),K09,"C 400 X 21 (0C31, 0C33)",0C33,,USA,2020-04,2020-10
0C61-EUR-04-2020,"0C61-EUR-04-2020-K08-BMW-C_400_GT_21_0C61,_0C63_",K08 (C 400 GT),K08,"C 400 GT 21 (0C61, 0C63)",0C61,,EUR,2020-04,2024-07
0C63-USA-04-2020,"0C63-USA-04-2020-K08-BMW-C_400_GT_21_0C61,_0C63_",K08 (C 400 GT),K08,"C 400 GT 21 (0C61, 0C63)",0C63,,USA,2020-04,2024-07
0E53-USA-05-2020,"0E53-USA-05-2020-K63-BMW-S_1000_R_0E51,_0E53_",K63 (S 1000 R),K63,"S 1000 R (0E51, 0E53)",0E53,,USA,2020-05,2024-11
0M04-THA-05-2020,0M04-THA-05-2020-K50-BMW-R_1250_GS_21_0M04_,"K50 (R 1200 GS, R 1250 GS)",K50,R 1250 GS 21 (0M04),0M04,,THA,2020-05,2023-07
0M14-THA-05-2020,0M14-THA-05-2020-K51-BMW-R_1250_GS_Adv_21_0M14_,"K51 (R 1200 GS Adv., R 1250 GS Adv.)",K51,R 1250 GS Adv. 21 (0M14),0M14,,THA,2020-05,2024-05
0L73-USA-06-2020,"0L73-USA-06-2020-K23-BMW-R_nineT_20_0L71,0L73_",K23 (R nineT Scrambler),K23,"R nineT 20 (0L71,0L73)",0L73,,USA,2020-06,2023-09
0M91-EUR-06-2020,0M91-EUR-06-2020-K22-BMW-R_nineT_Pure_A2_0M91_,K22 (R nineT Pure),K22,R nineT Pure A2 (0M91),0M91,,EUR,2020-06,2023-09
0C51-EUR-11-2020,"0C51-EUR-11-2020-K07-BMW-CE04_0C51,_0C53_",K07,K07,"CE04 (0C51, 0C53)",0C51,,EUR,2020-11,2025-02
0F21-EUR-11-2020,"0F21-EUR-11-2020-K48-BMW-K_1600_GT_22_0F21,_0F23_","K48 (K 1600 GT, K 1600 GTL)",K48,"K 1600 GT 22 (0F21, 0F23)",0F21,,EUR,2020-11,2025-03
0F23-USA-11-2020,"0F23-USA-11-2020-K48-BMW-K_1600_GT_22_0F21,_0F23_","K48 (K 1600 GT, K 1600 GTL)",K48,"K 1600 GT 22 (0F21, 0F23)",0F23,,USA,2020-11,2025-03
0F31-EUR-11-2020,"0F31-EUR-11-2020-K48-BMW-K_1600_GTL_22_0F31,_0F33_","K48 (K 1600 GT, K 1600 GTL)",K48,"K 1600 GTL 22 (0F31, 0F33)",0F31,,EUR,2020-11,2025-03
0F61-EUR-11-2020,"0F61-EUR-11-2020-K61-BMW-K_1600_Bagger_22_0F61,_0F63_",K61 (K 1600 Bagger),K61,"K 1600 Bagger 22 (0F61, 0F63)",0F61,,EUR,2020-11,2025-03
0F63-USA-11-2020,"0F63-USA-11-2020-K61-BMW-K_1600_Bagger_22_0F61,_0F63_",K61 (K 1600 Bagger),K61,"K 1600 Bagger 22 (0F61, 0F63)",0F63,,USA,2020-11,2025-03
0G30-BRA-11-2020,0G30-BRA-11-2020-K02-BMW-G_310_GS_20_0G30_,K02 (G 310 GS),K02,G 310 GS 20 (0G30),0G30,,BRA,2020-11,2025-05
0M00-BRA-11-2020,0M00-BRA-11-2020-K50-BMW-R_1250_GS_21_0M00_,"K50 (R 1200 GS, R 1250 GS)",K50,R 1250 GS 21 (0M00),0M00,,BRA,2020-11,2023-07
0M10-BRA-11-2020,0M10-BRA-11-2020-K51-BMW-R_1250_GS_Adv_21_0M10_,"K51 (R 1200 GS Adv., R 1250 GS Adv.)",K51,R 1250 GS Adv. 21 (0M10),0M10,,BRA,2020-11,2024-05
0F33-USA-12-2020,"0F33-USA-12-2020-K48-BMW-K_1600_GTL_22_0F31,_0F33_","K48 (K 1600 GT, K 1600 GTL)",K48,"K 1600 GTL 22 (0F31, 0F33)",0F33,,USA,2020-12,2025-03
0G40-BRA-12-2020,0G40-BRA-12-2020-K03-BMW-G_310_R_20_0G40_,K03 (G 310 R),K03,G 310 R 20 (0G40),0G40,,BRA,2020-12,2025-05
0C53-USA-01-2021,"0C53-USA-01-2021-K07-BMW-CE04_0C51,_0C53_",K07,K07,"CE04 (0C51, 0C53)",0C53,,USA,2021-01,2025-02
0E54-THA-05-2021,0E54-THA-05-2021-K63-BMW-S_1000_R_0E54_,K63 (S 1000 R),K63,S 1000 R (0E54),0E54,,THA,2021-05,2021-05
0E61-EUR-10-2021,"0E61-EUR-10-2021-K67-BMW-S_1000_RR_21_0E61,_0E63_",K67 (S 1000 RR),K67,"S 1000 RR 21 (0E61, 0E63)",0E61,,EUR,2021-10,2024-09
0E63-USA-10-2021,"0E63-USA-10-2021-K67-BMW-S_1000_RR_21_0E61,_0E63_",K67 (S 1000 RR),K67,"S 1000 RR 21 (0E61, 0E63)",0E63,,USA,2021-10,2024-08
0G51-EUR-10-2021,0G51-EUR-10-2021-K01-BMW-G_310_RR_0G51_,K01 (G 310 RR),K01,G 310 RR (0G51),0G51,,EUR,2021-10,2025-02
0E81-EUR-11-2021,"0E81-EUR-11-2021-KM3-BMW-M_1000_R_0E81,_0E83_",KM3 (M 1000 R),KM3,"M 1000 R (0E81, 0E83)",0E81,,EUR,2021-11,2024-11
0E83-USA-11-2021,"0E83-USA-11-2021-KM3-BMW-M_1000_R_0E81,_0E83_",KM3 (M 1000 R),KM3,"M 1000 R (0E81, 0E83)",0E83,,USA,2021-11,2024-11
0K51-EUR-01-2022,"0K51-EUR-01-2022-K80-BMW-F_800_GS_0K51,_0K53_","K80 (F 750 GS, F 800 GS)",K80,"F 800 GS (0K51, 0K53)",0K51,,EUR,2022-01,2025-03
0K71-EUR-01-2022,"0K71-EUR-01-2022-K82-BMW-F_900_GS_Adv_0K71,_0K73_","K82 (F 850 GS Adv., F 900 GS Adv.)",K82,"F 900 GS Adv. (0K71, 0K73)",0K71,,EUR,2022-01,2025-03
0M71-EUR-01-2022,"0M71-EUR-01-2022-K53-BMW-R_1250_R_0M71,_0M73_","K53 (R 1200 R, R 1250 R)",K53,"R 1250 R (0M71, 0M73)",0M71,,EUR,2022-01,2024-10
0M73-USA-01-2022,"0M73-USA-01-2022-K53-BMW-R_1250_R_0M71,_0M73_","K53 (R 1200 R, R 1250 R)",K53,"R 1250 R (0M71, 0M73)",0M73,,USA,2022-01,2024-10
0M81-EUR-01-2022,"0M81-EUR-01-2022-K54-BMW-R_1250_RS_0M81,_0M83_","K54 (R 1200 RS, R 1250 RS)",K54,"R 1250 RS (0M81, 0M83)",0M81,,EUR,2022-01,2024-10
0C71-EUR-03-2022,"0C71-EUR-03-2022-K06-BMW-CE_02_0C71,_0C73_",K06,K06,"CE 02 (0C71, 0C73)",0C71,,EUR,2022-03,2025-02
0C73-USA-03-2022,"0C73-USA-03-2022-K06-BMW-CE_02_0C71,_0C73_",K06,K06,"CE 02 (0C71, 0C73)",0C73,,USA,2022-03,2024-10
0N61-EUR-04-2022,"0N61-EUR-04-2022-K34-BMW-R_18_Roctane_0N61,_0N63_","K34 (R 18, R 18 Classic)",K34,"R 18 Roctane (0N61, 0N63)",0N61,,EUR,2022-04,2024-07
0P01-EUR-04-2022,"0P01-EUR-04-2022-K66-BMW-M_1000_RR_23_0P01,_0P03_",K66 (M 1000 RR),K66,"M 1000 RR 23 (0P01, 0P03)",0P01,,EUR,2022-04,2024-06
0P03-USA-04-2022,"0P03-USA-04-2022-K66-BMW-M_1000_RR_23_0P01,_0P03_",K66 (M 1000 RR),K66,"M 1000 RR 23 (0P01, 0P03)",0P03,,USA,2022-04,2024-06
0M21-EUR-05-2022,"0M21-EUR-05-2022-KA1-BMW-R_1300_GS_0M21,0M23_",KA1 (R 1300 GS),KA1,"R 1300 GS (0M21,0M23)",0M21,,EUR,2022-05,2025-03
0N63-USA-05-2022,"0N63-USA-05-2022-K34-BMW-R_18_Roctane_0N61,_0N63_","K34 (R 18, R 18 Classic)",K34,"R 18 Roctane (0N61, 0N63)",0N63,,USA,2022-05,2024-07
0M23-USA-06-2022,"0M23-USA-06-2022-KA1-BMW-R_1300_GS_0M21,0M23_",KA1 (R 1300 GS),KA1,"R 1300 GS (0M21,0M23)",0M23,,USA,2022-06,2025-03
0M83-USA-06-2022,"0M83-USA-06-2022-K54-BMW-R_1250_RS_0M81,_0M83_","K54 (R 1200 RS, R 1250 RS)",K54,"R 1250 RS (0M81, 0M83)",0M83,,USA,2022-06,2024-10
0K10-BRA-08-2022,0K10-BRA-08-2022-K83-BMW-F_900_R_0K10_,K83 (F 900 R),K83,F 900 R (0K10),0K10,,BRA,2022-08,2024-07
0N01-EUR-10-2022,"0N01-EUR-10-2022-KR1-BMW-R_12_nineT_0N01,_0N03_",KR1 (R nineT),KR1,"R 12 nineT (0N01, 0N03)",0N01,,EUR,2022-10,2025-03
0N03-USA-10-2022,"0N03-USA-10-2022-KR1-BMW-R_12_nineT_0N01,_0N03_",KR1 (R nineT),KR1,"R 12 nineT (0N01, 0N03)",0N03,,USA,2022-10,2025-02
0N11-EUR-10-2022,0N11-EUR-10-2022-KR1-BMW-R_12_nineT_A2_0N11_,KR1 (R nineT),KR1,R 12 nineT A2 (0N11),0N11,,EUR,2022-10,2025-03
0N51-EUR-10-2022,"0N51-EUR-10-2022-KR3-BMW-R_12_0N51,_0N53_",KR3 (R nineT),KR3,"R 12 (0N51, 0N53)",0N51,,EUR,2022-10,2025-03
0N53-USA-10-2022,"0N53-USA-10-2022-KR3-BMW-R_12_0N51,_0N53_",KR3 (R nineT),KR3,"R 12 (0N51, 0N53)",0N53,,USA,2022-10,2025-02
0C81-EUR-11-2022,0C81-EUR-11-2022-K06-BMW-CE_02_AM_0C81_,K06,K06,CE 02 AM (0C81),0C81,,EUR,2022-11,2025-02
0E60-BRA-11-2022,0E60-BRA-11-2022-K67-BMW-S_1000_RR_21_0E60_,K67 (S 1000 RR),K67,S 1000 RR 21 (0E60),0E60,,BRA,2022-11,2024-07
0K61-EUR-11-2022,"0K61-EUR-11-2022-K81-BMW-F_900_GS_0K61,_0K63_","K81 (F 850 GS, F 900 GS)",K81,"F 900 GS (0K61, 0K63)",0K61,,EUR,2022-11,2025-03
0E64-THA-12-2022,0E64-THA-12-2022-K67-BMW-S_1000_RR_21_0E64_,K67 (S 1000 RR),K67,S 1000 RR 21 (0E64),0E64,,THA,2022-12,2024-04
0K53-USA-12-2022,"0K53-USA-12-2022-K80-BMW-F_800_GS_0K51,_0K53_","K80 (F 750 GS, F 800 GS)",K80,"F 800 GS (0K51, 0K53)",0K53,,USA,2022-12,2025-03
0K63-USA-12-2022,"0K63-USA-12-2022-K81-BMW-F_900_GS_0K61,_0K63_","K81 (F 850 GS, F 900 GS)",K81,"F 900 GS (0K61, 0K63)",0K63,,USA,2022-12,2025-03
0K73-USA-12-2022,"0K73-USA-12-2022-K82-BMW-F_900_GS_Adv_0K71,_0K73_","K82 (F 850 GS Adv., F 900 GS Adv.)",K82,"F 900 GS Adv. (0K71, 0K73)",0K73,,USA,2022-12,2025-03
0R21-EUR-12-2022,"0R21-EUR-12-2022-K81-BMW-F_900_GS_SF_0R21,_0R23_","K81 (F 850 GS, F 900 GS)",K81,"F 900 GS SF (0R21, 0R23)",0R21,,EUR,2022-12,2025-01
0E91-EUR-01-2023,"0E91-EUR-01-2023-KM9-BMW-M_1000_XR_0E91,_0E93_",KM9 (M 1000 XR),KM9,"M 1000 XR (0E91, 0E93)",0E91,,EUR,2023-01,2025-03
0K81-EUR-01-2023,"0K81-EUR-01-2023-K83-BMW-F_900_R_25_0K81,_0K83_",K83 (F 900 R),K83,"F 900 R 25 (0K81, 0K83)",0K81,,EUR,2023-01,2025-03
0P11-EUR-01-2023,"0P11-EUR-01-2023-K69-BMW-S_1000_XR_24_0P11,_0P13_",K69 (S 1000 XR),K69,"S 1000 XR 24 (0P11, 0P13)",0P11,,EUR,2023-01,2025-03
0R01-EUR-01-2023,"0R01-EUR-01-2023-K84-BMW-F_900_XR_25_0R01,_0R03_",K84 (F 900 XR),K84,"F 900 XR 25 (0R01, 0R03)",0R01,,EUR,2023-01,2025-03
0E93-USA-02-2023,"0E93-USA-02-2023-KM9-BMW-M_1000_XR_0E91,_0E93_",KM9 (M 1000 XR),KM9,"M 1000 XR (0E91, 0E93)",0E93,,USA,2023-02,2025-03
0P13-USA-02-2023,"0P13-USA-02-2023-K69-BMW-S_1000_XR_24_0P11,_0P13_",K69 (S 1000 XR),K69,"S 1000 XR 24 (0P11, 0P13)",0P13,,USA,2023-02,2025-03
0L14-THA-03-2023,0L14-THA-03-2023-K34-BMW-R_18_0L14_,"K34 (R 18, R 18 Classic)",K34,R 18 (0L14),0L14,,THA,2023-03,2024-07
0L24-THA-03-2023,0L24-THA-03-2023-K34-BMW-R_18_Classic_0L24_,"K34 (R 18, R 18 Classic)",K34,R 18 Classic (0L24),0L24,,THA,2023-03,2023-09
0L34-THA-03-2023,0L34-THA-03-2023-K35-BMW-R_18_B_0L34_,"K35 (R 18 B, R 18 Transcontinental)",K35,R 18 B (0L34),0L34,,THA,2023-03,2024-11
0L44-THA-03-2023,0L44-THA-03-2023-K35-BMW-R_18_Transcont_0L44_,"K35 (R 18 B, R 18 Transcontinental)",K35,R 18 Transcont. (0L44),0L44,,THA,2023-03,2024-11
0M24-THA-03-2023,0M24-THA-03-2023-KA1-BMW-R_1300_GS_0M24_,KA1 (R 1300 GS),KA1,R 1300 GS (0M24),0M24,,THA,2023-03,2025-05
0C30-BRA-04-2023,0C30-BRA-04-2023-K09-BMW-C_400_X_0C30_,K09 (C 400 X),K09,C 400 X (0C30),0C30,,BRA,2023-04,2024-07
0M31-EUR-06-2023,"0M31-EUR-06-2023-KA2-BMW-R_1300_GS_Adv_0M31,_0M33_",KA2 (R 1300 GS Adventure),KA2,"R 1300 GS Adv. (0M31, 0M33)",0M31,,EUR,2023-06,2025-03
0M33-USA-06-2023,"0M33-USA-06-2023-KA2-BMW-R_1300_GS_Adv_0M31,_0M33_",KA2 (R 1300 GS Adventure),KA2,"R 1300 GS Adv. (0M31, 0M33)",0M33,,USA,2023-06,2025-03
0N04-THA-07-2023,0N04-THA-07-2023-KR1-BMW-R_12_nineT_0N04_,KR1 (R nineT),KR1,R 12 nineT (0N04),0N04,,THA,2023-07,2025-05
0N54-THA-07-2023,0N54-THA-07-2023-KR3-BMW-R_12_0N54_,KR3 (R nineT),KR3,R 12 (0N54),0N54,,THA,2023-07,2025-05
0C74-THA-08-2023,0C74-THA-08-2023-K06-BMW-CE_02_0C74_,K06,K06,CE 02 (0C74),0C74,,THA,2023-08,2024-12
0K54-THA-08-2023,0K54-THA-08-2023-K80-BMW-F_800_GS_0K54_,"K80 (F 750 GS, F 800 GS)",K80,F 800 GS (0K54),0K54,,THA,2023-08,2025-05
0K64-THA-08-2023,0K64-THA-08-2023-K81-BMW-F_900_GS_0K64_,"K81 (F 850 GS, F 900 GS)",K81,F 900 GS (0K64),0K64,,THA,2023-08,2025-05
0K74-THA-08-2023,0K74-THA-08-2023-K82-BMW-F_900_GS_Adv_0K74_,"K82 (F 850 GS Adv., F 900 GS Adv.)",K82,F 900 GS Adv. (0K74),0K74,,THA,2023-08,2025-05
0M20-BRA-08-2023,0M20-BRA-08-2023-KA1-BMW-R_1300_GS_0M20_,KA1 (R 1300 GS),KA1,R 1300 GS (0M20),0M20,,BRA,2023-08,2025-05
0S01-EUR-08-2023,"0S01-EUR-08-2023-K08-BMW-C_400_GT_25_0S01,_0S03_",K08 (C 400 GT),K08,"C 400 GT 25 (0S01, 0S03)",0S01,,EUR,2023-08,2025-03
0S03-USA-08-2023,"0S03-USA-08-2023-K08-BMW-C_400_GT_25_0S01,_0S03_",K08 (C 400 GT),K08,"C 400 GT 25 (0S01, 0S03)",0S03,,USA,2023-08,2024-12
0S11-EUR-08-2023,0S11-EUR-08-2023-K09-BMW-C_400_X_25_0S11_,K09 (C 400 X),K09,C 400 X 25 (0S11),0S11,,EUR,2023-08,2025-03
0N71-EUR-09-2023,"0N71-EUR-09-2023-K34-BMW-R_18_25_0N71,_0N73_","K34 (R 18, R 18 Classic)",K34,"R 18 25 (0N71, 0N73)",0N71,,EUR,2023-09,2025-03
0N81-EUR-09-2023,"0N81-EUR-09-2023-K34-BMW-R_18_Classic_25_0N81,_0N83_","K34 (R 18, R 18 Classic)",K34,"R 18 Classic 25 (0N81, 0N83)",0N81,,EUR,2023-09,2025-03
0N73-USA-10-2023,"0N73-USA-10-2023-K34-BMW-R_18_25_0N71,_0N73_","K34 (R 18, R 18 Classic)",K34,"R 18 25 (0N71, 0N73)",0N73,,USA,2023-10,2025-02
0N91-EUR-10-2023,"0N91-EUR-10-2023-K34-BMW-R_18_Roctane_25_0N91,_0N93_","K34 (R 18, R 18 Classic)",K34,"R 18 Roctane 25 (0N91, 0N93)",0N91,,EUR,2023-10,2025-03
0P21-EUR-11-2023,"0P21-EUR-11-2023-K67-BMW-S_1000_RR_25_0P21,_0P23_",K67 (S 1000 RR),K67,"S 1000 RR 25 (0P21, 0P23)",0P21,,EUR,2023-11,2025-03
0P23-USA-11-2023,"0P23-USA-11-2023-K67-BMW-S_1000_RR_25_0P21,_0P23_",K67 (S 1000 RR),K67,"S 1000 RR 25 (0P21, 0P23)",0P23,,USA,2023-11,2025-03
0K83-USA-12-2023,"0K83-USA-12-2023-K83-BMW-F_900_R_25_0K81,_0K83_",K83 (F 900 R),K83,"F 900 R 25 (0K81, 0K83)",0K83,,USA,2023-12,2025-03
0R03-USA-12-2023,"0R03-USA-12-2023-K84-BMW-F_900_XR_25_0R01,_0R03_",K84 (F 900 XR),K84,"F 900 XR 25 (0R01, 0R03)",0R03,,USA,2023-12,2025-02
0K50-BRA-02-2024,0K50-BRA-02-2024-K80-BMW-F_800_GS_0K50_,"K80 (F 750 GS, F 800 GS)",K80,F 800 GS (0K50),0K50,,BRA,2024-02,2025-05
0K60-BRA-02-2024,0K60-BRA-02-2024-K81-BMW-F_900_GS_0K60_,"K81 (F 850 GS, F 900 GS)",K81,F 900 GS (0K60),0K60,,BRA,2024-02,2025-05
0K70-BRA-02-2024,0K70-BRA-02-2024-K82-BMW-F_900_GS_Adv_0K70_,"K82 (F 850 GS Adv., F 900 GS Adv.)",K82,F 900 GS Adv. (0K70),0K70,,BRA,2024-02,2025-05
0N50-BRA-02-2024,0N50-BRA-02-2024-KR3-BMW-R_12_0N50_,KR3 (R nineT),KR3,R 12 (0N50),0N50,,BRA,2024-02,2025-05
0P31-EUR-02-2024,"0P31-EUR-02-2024-K63-BMW-S_1000_R_25_0P31,_0P33_",K63 (S 1000 R),K63,"S 1000 R 25 (0P31, 0P33)",0P31,,EUR,2024-02,2025-03
0P41-EUR-02-2024,"0P41-EUR-02-2024-K66-BMW-M_1000_RR_25_0P41,_0P43_",K66 (M 1000 RR),K66,"M 1000 RR 25 (0P41, 0P43)",0P41,,EUR,2024-02,2025-03
0P51-EUR-02-2024,"0P51-EUR-02-2024-KM3-BMW-M_1000_R_25_0P51,_0P53_",KM3 (M 1000 R),KM3,"M 1000 R 25 (0P51, 0P53)",0P51,,EUR,2024-02,2025-03
0P53-USA-02-2024,"0P53-USA-02-2024-KM3-BMW-M_1000_R_25_0P51,_0P53_",KM3 (M 1000 R),KM3,"M 1000 R 25 (0P51, 0P53)",0P53,,USA,2024-02,2025-03
0M34-THA-03-2024,0M34-THA-03-2024-KA2-BMW-R_1300_GS_Adv_0M34_,KA2 (R 1300 GS Adventure),KA2,R 1300 GS Adv. (0M34),0M34,,THA,2024-03,2025-05
0P43-USA-03-2024,"0P43-USA-03-2024-K66-BMW-M_1000_RR_25_0P41,_0P43_",K66 (M 1000 RR),K66,"M 1000 RR 25 (0P41, 0P43)",0P43,,USA,2024-03,2025-03
0R23-USA-04-2024,"0R23-USA-04-2024-K81-BMW-F_900_GS_SF_0R21,_0R23_","K81 (F 850 GS, F 900 GS)",K81,"F 900 GS SF (0R21, 0R23)",0R23,,USA,2024-04,2024-11
0N83-USA-05-2024,"0N83-USA-05-2024-K34-BMW-R_18_Classic_25_0N81,_0N83_","K34 (R 18, R 18 Classic)",K34,"R 18 Classic 25 (0N81, 0N83)",0N83,,USA,2024-05,2025-01
0N93-USA-05-2024,"0N93-USA-05-2024-K34-BMW-R_18_Roctane_25_0N91,_0N93_","K34 (R 18, R 18 Classic)",K34,"R 18 Roctane 25 (0N91, 0N93)",0N93,,USA,2024-05,2025-02
0P33-USA-05-2024,"0P33-USA-05-2024-K63-BMW-S_1000_R_25_0P31,_0P33_",K63 (S 1000 R),K63,"S 1000 R 25 (0P31, 0P33)",0P33,,USA,2024-05,2025-03
0K91-EUR-07-2024,0K91-EUR-07-2024-K83-BMW-F_900_R_A2_25_0K91_,K83 (F 900 R),K83,F 900 R A2 25 (0K91),0K91,,EUR,2024-07,2025-03
0M30-BRA-10-2024,0M30-BRA-10-2024-KA2-BMW-R_1300_GS_Adv_0M30_,KA2 (R 1300 GS Adventure),KA2,R 1300 GS Adv. (0M30),0M30,,BRA,2024-10,2025-05
0R11-EUR-10-2024,0R11-EUR-10-2024-K84-BMW-F_900_XR_A2_25_0R11_,K84 (F 900 XR),K84,F 900 XR A2 25 (0R11),0R11,,EUR,2024-10,2025-03
0S10-BRA-10-2024,0S10-BRA-10-2024-K09-BMW-C_400_X_25_0S10_,K09 (C 400 X),K09,C 400 X 25 (0S10),0S10,,BRA,2024-10,2025-05
0N74-THA-11-2024,0N74-THA-11-2024-K34-BMW-R_18_25_0N74_,"K34 (R 18, R 18 Classic)",K34,R 18 25 (0N74),0N74,,THA,2024-11,2024-11
0N84-THA-11-2024,0N84-THA-11-2024-K34-BMW-R_18_Classic_25_0N84_,"K34 (R 18, R 18 Classic)",K34,R 18 Classic 25 (0N84),0N84,,THA,2024-11,2024-11
